DROP DATABASE IF EXISTS shop_reviews;

CREATE DATABASE shop_reviews;

USE shop_reviews;

create table users (
	id INT NOT NULL AUTO_INCREMENT,
	username VARCHAR(50),
	img_url VARCHAR(100),
	PRIMARY KEY (id)
);
insert into users (id, username, img_url) values (1, 'gferriere0', 'https://s3-us-west-1.amazonaws.com/front-end-capstone-images/user1.jpg');
insert into users (id, username, img_url) values (2, 'fguillotin1', 'https://s3-us-west-1.amazonaws.com/front-end-capstone-images/user2.jpg');
insert into users (id, username, img_url) values (3, 'lsuggitt2', 'https://s3-us-west-1.amazonaws.com/front-end-capstone-images/user3.jpg');
insert into users (id, username, img_url) values (4, 'dkadwallider3', 'https://s3-us-west-1.amazonaws.com/front-end-capstone-images/user4.jpg');
insert into users (id, username, img_url) values (5, 'rwelford4', 'https://s3-us-west-1.amazonaws.com/front-end-capstone-images/user5.jpg');
insert into users (id, username, img_url) values (6, 'srumens5', 'https://s3-us-west-1.amazonaws.com/front-end-capstone-images/user6.jpg');
insert into users (id, username, img_url) values (7, 'jofficer6', 'https://s3-us-west-1.amazonaws.com/front-end-capstone-images/user7.jpg');
insert into users (id, username, img_url) values (8, 'lmaffia7', 'https://s3-us-west-1.amazonaws.com/front-end-capstone-images/user8.jpg');
insert into users (id, username, img_url) values (9, 'spoone8', 'https://s3-us-west-1.amazonaws.com/front-end-capstone-images/user9.jpg');
insert into users (id, username, img_url) values (10, 'dhansley9', 'https://s3-us-west-1.amazonaws.com/front-end-capstone-images/user10.jpg');
insert into users (id, username, img_url) values (11, 'amabea', 'https://s3-us-west-1.amazonaws.com/front-end-capstone-images/user11.jpg');
insert into users (id, username, img_url) values (12, 'csteereb', 'https://s3-us-west-1.amazonaws.com/front-end-capstone-images/user12.jpg');
insert into users (id, username, img_url) values (13, 'aleirmonthc', 'https://s3-us-west-1.amazonaws.com/front-end-capstone-images/user13.jpg');
insert into users (id, username, img_url) values (14, 'aglaysherd', 'https://s3-us-west-1.amazonaws.com/front-end-capstone-images/user14.jpg');
insert into users (id, username, img_url) values (15, 'cstolberge', 'https://s3-us-west-1.amazonaws.com/front-end-capstone-images/user15.jpg');
insert into users (id, username, img_url) values (16, 'vweatherburnf', 'https://s3-us-west-1.amazonaws.com/front-end-capstone-images/user16.jpg');
insert into users (id, username, img_url) values (17, 'ccreging', 'https://s3-us-west-1.amazonaws.com/front-end-capstone-images/user17.jpg');
insert into users (id, username, img_url) values (18, 'riacopettih', 'https://s3-us-west-1.amazonaws.com/front-end-capstone-images/user18.jpg');
insert into users (id, username, img_url) values (19, 'lbarrassi', 'https://s3-us-west-1.amazonaws.com/front-end-capstone-images/user19.jpg');
insert into users (id, username, img_url) values (20, 'dmacclurej', 'https://s3-us-west-1.amazonaws.com/front-end-capstone-images/user20.jpg');
insert into users (id, username, img_url) values (21, 'vgushk', 'https://s3-us-west-1.amazonaws.com/front-end-capstone-images/user21.jpg');
insert into users (id, username, img_url) values (22, 'sogarmenl', 'https://s3-us-west-1.amazonaws.com/front-end-capstone-images/user22.jpg');
insert into users (id, username, img_url) values (23, 'meburnem', 'https://s3-us-west-1.amazonaws.com/front-end-capstone-images/user23.jpg');
insert into users (id, username, img_url) values (24, 'obreckenridgen', 'https://s3-us-west-1.amazonaws.com/front-end-capstone-images/user24.jpg');
insert into users (id, username, img_url) values (25, 'bmenaulto', 'https://s3-us-west-1.amazonaws.com/front-end-capstone-images/user25.jpg');
insert into users (id, username, img_url) values (26, 'amcdoualp', 'https://s3-us-west-1.amazonaws.com/front-end-capstone-images/user26.jpg');
insert into users (id, username, img_url) values (27, 'apenniellq', 'https://s3-us-west-1.amazonaws.com/front-end-capstone-images/user27.jpg');
insert into users (id, username, img_url) values (28, 'bedgingtonr', 'https://s3-us-west-1.amazonaws.com/front-end-capstone-images/user28.jpg');
insert into users (id, username, img_url) values (29, 'smershs', 'https://s3-us-west-1.amazonaws.com/front-end-capstone-images/user29.jpg');
insert into users (id, username, img_url) values (30, 'rgethingst', 'https://s3-us-west-1.amazonaws.com/front-end-capstone-images/user30.jpg');
insert into users (id, username, img_url) values (31, 'jbiggadykeu', 'https://s3-us-west-1.amazonaws.com/front-end-capstone-images/user31.jpg');
insert into users (id, username, img_url) values (32, 'vgrigolonv', 'https://s3-us-west-1.amazonaws.com/front-end-capstone-images/user32.jpg');
insert into users (id, username, img_url) values (33, 'vlampew', 'https://s3-us-west-1.amazonaws.com/front-end-capstone-images/user33.jpg');
insert into users (id, username, img_url) values (34, 'rasquezx', 'https://s3-us-west-1.amazonaws.com/front-end-capstone-images/user34.jpg');
insert into users (id, username, img_url) values (35, 'nferroniy', 'https://s3-us-west-1.amazonaws.com/front-end-capstone-images/user35.jpg');
insert into users (id, username, img_url) values (36, 'lmattosoffz', 'https://s3-us-west-1.amazonaws.com/front-end-capstone-images/user36.jpg');
insert into users (id, username, img_url) values (37, 'gdevennie10', 'https://s3-us-west-1.amazonaws.com/front-end-capstone-images/user37.jpg');
insert into users (id, username, img_url) values (38, 'kcurrell11', 'https://s3-us-west-1.amazonaws.com/front-end-capstone-images/user38.jpg');
insert into users (id, username, img_url) values (39, 'bainsbury12', 'https://s3-us-west-1.amazonaws.com/front-end-capstone-images/user39.jpg');
insert into users (id, username, img_url) values (40, 'bhousby13', 'https://s3-us-west-1.amazonaws.com/front-end-capstone-images/user40.jpg');
insert into users (id, username, img_url) values (41, 'rsedcole14', 'https://s3-us-west-1.amazonaws.com/front-end-capstone-images/user41.jpg');
insert into users (id, username, img_url) values (42, 'jmcquaide15', 'https://s3-us-west-1.amazonaws.com/front-end-capstone-images/user42.jpg');
insert into users (id, username, img_url) values (43, 'jmudie16', 'https://s3-us-west-1.amazonaws.com/front-end-capstone-images/user43.jpg');
insert into users (id, username, img_url) values (44, 'fraikes17', 'https://s3-us-west-1.amazonaws.com/front-end-capstone-images/user44.jpg');
insert into users (id, username, img_url) values (45, 'dribeiro18', 'https://s3-us-west-1.amazonaws.com/front-end-capstone-images/user45.jpg');
insert into users (id, username, img_url) values (46, 'aingliby19', 'https://s3-us-west-1.amazonaws.com/front-end-capstone-images/user46.jpg');
insert into users (id, username, img_url) values (47, 'idrinkall1a', 'https://s3-us-west-1.amazonaws.com/front-end-capstone-images/user47.jpg');
insert into users (id, username, img_url) values (48, 'cdollman1b', 'https://s3-us-west-1.amazonaws.com/front-end-capstone-images/user48.jpg');
insert into users (id, username, img_url) values (49, 'lgerold1c', 'https://s3-us-west-1.amazonaws.com/front-end-capstone-images/user49.jpg');
insert into users (id, username, img_url) values (50, 'rkehir1d', 'https://s3-us-west-1.amazonaws.com/front-end-capstone-images/user50.jpg');
insert into users (id, username, img_url) values (51, 'mwathen1e', 'https://s3-us-west-1.amazonaws.com/front-end-capstone-images/user51.jpg');
insert into users (id, username, img_url) values (52, 'blawton1f', 'https://s3-us-west-1.amazonaws.com/front-end-capstone-images/user52.jpg');
insert into users (id, username, img_url) values (53, 'bkliemchen1g', 'https://s3-us-west-1.amazonaws.com/front-end-capstone-images/user53.jpg');
insert into users (id, username, img_url) values (54, 'mgradon1h', 'https://s3-us-west-1.amazonaws.com/front-end-capstone-images/user54.jpg');
insert into users (id, username, img_url) values (55, 'hsilwood1i', 'https://s3-us-west-1.amazonaws.com/front-end-capstone-images/user55.jpg');
insert into users (id, username, img_url) values (56, 'mfulk1j', 'https://s3-us-west-1.amazonaws.com/front-end-capstone-images/user56.jpg');
insert into users (id, username, img_url) values (57, 'tsterrick1k', 'https://s3-us-west-1.amazonaws.com/front-end-capstone-images/user57.jpg');
insert into users (id, username, img_url) values (58, 'rlornsen1l', 'https://s3-us-west-1.amazonaws.com/front-end-capstone-images/user58.jpg');
insert into users (id, username, img_url) values (59, 'wosboldstone1m', 'https://s3-us-west-1.amazonaws.com/front-end-capstone-images/user59.jpg');
insert into users (id, username, img_url) values (60, 'flunbech1n', 'https://s3-us-west-1.amazonaws.com/front-end-capstone-images/user60.jpg');
insert into users (id, username, img_url) values (61, 'ssuttill1o', 'https://s3-us-west-1.amazonaws.com/front-end-capstone-images/user61.jpg');
insert into users (id, username, img_url) values (62, 'lmorrant1p', 'https://s3-us-west-1.amazonaws.com/front-end-capstone-images/user62.jpg');
insert into users (id, username, img_url) values (63, 'eharlowe1q', 'https://s3-us-west-1.amazonaws.com/front-end-capstone-images/user63.jpg');
insert into users (id, username, img_url) values (64, 'pweekland1r', 'https://s3-us-west-1.amazonaws.com/front-end-capstone-images/user64.jpg');
insert into users (id, username, img_url) values (65, 'alynnett1s', 'https://s3-us-west-1.amazonaws.com/front-end-capstone-images/user65.jpg');
insert into users (id, username, img_url) values (66, 'qcorgenvin1t', 'https://s3-us-west-1.amazonaws.com/front-end-capstone-images/user66.jpg');
insert into users (id, username, img_url) values (67, 'aheadford1u', 'https://s3-us-west-1.amazonaws.com/front-end-capstone-images/user67.jpg');
insert into users (id, username, img_url) values (68, 'dpetyakov1v', 'https://s3-us-west-1.amazonaws.com/front-end-capstone-images/user68.jpg');
insert into users (id, username, img_url) values (69, 'mpatron1w', 'https://s3-us-west-1.amazonaws.com/front-end-capstone-images/user69.jpg');
insert into users (id, username, img_url) values (70, 'mcorrea1x', 'https://s3-us-west-1.amazonaws.com/front-end-capstone-images/user70.jpg');
insert into users (id, username, img_url) values (71, 'anutting1y', 'https://s3-us-west-1.amazonaws.com/front-end-capstone-images/user71.jpg');
insert into users (id, username, img_url) values (72, 'ofitton1z', 'https://s3-us-west-1.amazonaws.com/front-end-capstone-images/user72.jpg');
insert into users (id, username, img_url) values (73, 'rpetrashov20', 'https://s3-us-west-1.amazonaws.com/front-end-capstone-images/user73.jpg');
insert into users (id, username, img_url) values (74, 'ccharlson21', 'https://s3-us-west-1.amazonaws.com/front-end-capstone-images/user74.jpg');
insert into users (id, username, img_url) values (75, 'bgobel22', 'https://s3-us-west-1.amazonaws.com/front-end-capstone-images/user75.jpg');
insert into users (id, username, img_url) values (76, 'fguillou23', 'https://s3-us-west-1.amazonaws.com/front-end-capstone-images/user76.jpg');
insert into users (id, username, img_url) values (77, 'fcarrington24', 'https://s3-us-west-1.amazonaws.com/front-end-capstone-images/user77.jpg');
insert into users (id, username, img_url) values (78, 'pclifford25', 'https://s3-us-west-1.amazonaws.com/front-end-capstone-images/user78.jpg');
insert into users (id, username, img_url) values (79, 'mbannester26', 'https://s3-us-west-1.amazonaws.com/front-end-capstone-images/user79.jpg');
insert into users (id, username, img_url) values (80, 'bzmitrichenko27', 'https://s3-us-west-1.amazonaws.com/front-end-capstone-images/user80.jpg');
insert into users (id, username, img_url) values (81, 'arickis28', 'https://s3-us-west-1.amazonaws.com/front-end-capstone-images/user81.jpg');
insert into users (id, username, img_url) values (82, 'lshipley29', 'https://s3-us-west-1.amazonaws.com/front-end-capstone-images/user82.jpg');
insert into users (id, username, img_url) values (83, 'lhessay2a', 'https://s3-us-west-1.amazonaws.com/front-end-capstone-images/user83.jpg');
insert into users (id, username, img_url) values (84, 'fcannon2b', 'https://s3-us-west-1.amazonaws.com/front-end-capstone-images/user84.jpg');
insert into users (id, username, img_url) values (85, 'bcraiker2c', 'https://s3-us-west-1.amazonaws.com/front-end-capstone-images/user85.jpg');
insert into users (id, username, img_url) values (86, 'lconyer2d', 'https://s3-us-west-1.amazonaws.com/front-end-capstone-images/user86.jpg');
insert into users (id, username, img_url) values (87, 'mduinbleton2e', 'https://s3-us-west-1.amazonaws.com/front-end-capstone-images/user87.jpg');
insert into users (id, username, img_url) values (88, 'lwhiley2f', 'https://s3-us-west-1.amazonaws.com/front-end-capstone-images/user88.jpg');
insert into users (id, username, img_url) values (89, 'oflorey2g', 'https://s3-us-west-1.amazonaws.com/front-end-capstone-images/user89.jpg');
insert into users (id, username, img_url) values (90, 'yniezen2h', 'https://s3-us-west-1.amazonaws.com/front-end-capstone-images/user90.jpg');
insert into users (id, username, img_url) values (91, 'fspyer2i', 'https://s3-us-west-1.amazonaws.com/front-end-capstone-images/user91.jpg');
insert into users (id, username, img_url) values (92, 'egeddes2j', 'https://s3-us-west-1.amazonaws.com/front-end-capstone-images/user92.jpg');
insert into users (id, username, img_url) values (93, 'ctheodoris2k', 'https://s3-us-west-1.amazonaws.com/front-end-capstone-images/user93.jpg');
insert into users (id, username, img_url) values (94, 'npodbury2l', 'https://s3-us-west-1.amazonaws.com/front-end-capstone-images/user94.jpg');
insert into users (id, username, img_url) values (95, 'tlettice2m', 'https://s3-us-west-1.amazonaws.com/front-end-capstone-images/user95.jpg');
insert into users (id, username, img_url) values (96, 'goakman2n', 'https://s3-us-west-1.amazonaws.com/front-end-capstone-images/user96.jpg');
insert into users (id, username, img_url) values (97, 'gdebow2o', 'https://s3-us-west-1.amazonaws.com/front-end-capstone-images/user97.jpg');
insert into users (id, username, img_url) values (98, 'bbalwin2p', 'https://s3-us-west-1.amazonaws.com/front-end-capstone-images/user98.jpg');
insert into users (id, username, img_url) values (99, 'jmckinney2q', 'https://s3-us-west-1.amazonaws.com/front-end-capstone-images/user99.jpg');
insert into users (id, username, img_url) values (100, 'lpavia2r', 'https://s3-us-west-1.amazonaws.com/front-end-capstone-images/user100.jpg');

create table shops (
	id INT,
	shop VARCHAR(50)
);
insert into shops (id, shop) values (1, 'Thoughtblab');
insert into shops (id, shop) values (2, 'InnoZ');
insert into shops (id, shop) values (3, 'Npath');
insert into shops (id, shop) values (4, 'Flipstorm');
insert into shops (id, shop) values (5, 'Skipstorm');
insert into shops (id, shop) values (6, 'Gigashots');
insert into shops (id, shop) values (7, 'Dabvine');
insert into shops (id, shop) values (8, 'Zoomcast');
insert into shops (id, shop) values (9, 'Twimm');
insert into shops (id, shop) values (10, 'Youspan');

create table products (
	id INT,
	product VARCHAR(50),
	img_url VARCHAR(100),
	shop_id INT
);
insert into products (id, product, img_url, shop_id) values (1, 'Trippledex', 'https://s3-us-west-1.amazonaws.com/front-end-capstone-images/product1.jpg', 1);
insert into products (id, product, img_url, shop_id) values (2, 'Temp', 'https://s3-us-west-1.amazonaws.com/front-end-capstone-images/product2.jpg', 1);
insert into products (id, product, img_url, shop_id) values (3, 'Cardify', 'https://s3-us-west-1.amazonaws.com/front-end-capstone-images/product3.jpg', 5);
insert into products (id, product, img_url, shop_id) values (4, 'Subin', 'https://s3-us-west-1.amazonaws.com/front-end-capstone-images/product4.jpg', 5);
insert into products (id, product, img_url, shop_id) values (5, 'Veribet', 'https://s3-us-west-1.amazonaws.com/front-end-capstone-images/product5.jpg', 9);
insert into products (id, product, img_url, shop_id) values (6, 'Overhold', 'https://s3-us-west-1.amazonaws.com/front-end-capstone-images/product6.jpg', 10);
insert into products (id, product, img_url, shop_id) values (7, 'Duobam', 'https://s3-us-west-1.amazonaws.com/front-end-capstone-images/product7.jpg', 9);
insert into products (id, product, img_url, shop_id) values (8, 'Holdlamis', 'https://s3-us-west-1.amazonaws.com/front-end-capstone-images/product8.jpg', 9);
insert into products (id, product, img_url, shop_id) values (9, 'Vagram', 'https://s3-us-west-1.amazonaws.com/front-end-capstone-images/product9.jpg', 3);
insert into products (id, product, img_url, shop_id) values (10, 'Fintone', 'https://s3-us-west-1.amazonaws.com/front-end-capstone-images/product10.jpg', 4);
insert into products (id, product, img_url, shop_id) values (11, 'Greenlam', 'https://s3-us-west-1.amazonaws.com/front-end-capstone-images/product11.jpg', 2);
insert into products (id, product, img_url, shop_id) values (12, 'Stringtough', 'https://s3-us-west-1.amazonaws.com/front-end-capstone-images/product12.jpg', 5);
insert into products (id, product, img_url, shop_id) values (13, 'Stronghold', 'https://s3-us-west-1.amazonaws.com/front-end-capstone-images/product13.jpg', 6);
insert into products (id, product, img_url, shop_id) values (14, 'Aerified', 'https://s3-us-west-1.amazonaws.com/front-end-capstone-images/product14.jpg', 9);
insert into products (id, product, img_url, shop_id) values (15, 'Quo Lux', 'https://s3-us-west-1.amazonaws.com/front-end-capstone-images/product15.jpg', 6);
insert into products (id, product, img_url, shop_id) values (16, 'Matsoft', 'https://s3-us-west-1.amazonaws.com/front-end-capstone-images/product16.jpg', 10);
insert into products (id, product, img_url, shop_id) values (17, 'Stronghold', 'https://s3-us-west-1.amazonaws.com/front-end-capstone-images/product17.jpg', 5);
insert into products (id, product, img_url, shop_id) values (18, 'Solarbreeze', 'https://s3-us-west-1.amazonaws.com/front-end-capstone-images/product18.jpg', 9);
insert into products (id, product, img_url, shop_id) values (19, 'Veribet', 'https://s3-us-west-1.amazonaws.com/front-end-capstone-images/product19.jpg', 8);
insert into products (id, product, img_url, shop_id) values (20, 'Temp', 'https://s3-us-west-1.amazonaws.com/front-end-capstone-images/product20.jpg', 7);
insert into products (id, product, img_url, shop_id) values (21, 'Namfix', 'https://s3-us-west-1.amazonaws.com/front-end-capstone-images/product21.jpg', 2);
insert into products (id, product, img_url, shop_id) values (22, 'Cookley', 'https://s3-us-west-1.amazonaws.com/front-end-capstone-images/product22.jpg', 6);
insert into products (id, product, img_url, shop_id) values (23, 'Veribet', 'https://s3-us-west-1.amazonaws.com/front-end-capstone-images/product23.jpg', 1);
insert into products (id, product, img_url, shop_id) values (24, 'Konklab', 'https://s3-us-west-1.amazonaws.com/front-end-capstone-images/product24.jpg', 3);
insert into products (id, product, img_url, shop_id) values (25, 'Namfix', 'https://s3-us-west-1.amazonaws.com/front-end-capstone-images/product25.jpg', 8);
insert into products (id, product, img_url, shop_id) values (26, 'Opela', 'https://s3-us-west-1.amazonaws.com/front-end-capstone-images/product26.jpg', 2);
insert into products (id, product, img_url, shop_id) values (27, 'Stim', 'https://s3-us-west-1.amazonaws.com/front-end-capstone-images/product27.jpg', 3);
insert into products (id, product, img_url, shop_id) values (28, 'Namfix', 'https://s3-us-west-1.amazonaws.com/front-end-capstone-images/product28.jpg', 4);
insert into products (id, product, img_url, shop_id) values (29, 'Cookley', 'https://s3-us-west-1.amazonaws.com/front-end-capstone-images/product29.jpg', 10);
insert into products (id, product, img_url, shop_id) values (30, 'Subin', 'https://s3-us-west-1.amazonaws.com/front-end-capstone-images/product30.jpg', 4);
insert into products (id, product, img_url, shop_id) values (31, 'Sub-Ex', 'https://s3-us-west-1.amazonaws.com/front-end-capstone-images/product31.jpg', 4);
insert into products (id, product, img_url, shop_id) values (32, 'Redhold', 'https://s3-us-west-1.amazonaws.com/front-end-capstone-images/product32.jpg', 9);
insert into products (id, product, img_url, shop_id) values (33, 'Regrant', 'https://s3-us-west-1.amazonaws.com/front-end-capstone-images/product33.jpg', 6);
insert into products (id, product, img_url, shop_id) values (34, 'Quo Lux', 'https://s3-us-west-1.amazonaws.com/front-end-capstone-images/product34.jpg', 2);
insert into products (id, product, img_url, shop_id) values (35, 'Overhold', 'https://s3-us-west-1.amazonaws.com/front-end-capstone-images/product35.jpg', 2);
insert into products (id, product, img_url, shop_id) values (36, 'Bitwolf', 'https://s3-us-west-1.amazonaws.com/front-end-capstone-images/product36.jpg', 10);
insert into products (id, product, img_url, shop_id) values (37, 'Alphazap', 'https://s3-us-west-1.amazonaws.com/front-end-capstone-images/product37.jpg', 3);
insert into products (id, product, img_url, shop_id) values (38, 'Aerified', 'https://s3-us-west-1.amazonaws.com/front-end-capstone-images/product38.jpg', 8);
insert into products (id, product, img_url, shop_id) values (39, 'Quo Lux', 'https://s3-us-west-1.amazonaws.com/front-end-capstone-images/product39.jpg', 6);
insert into products (id, product, img_url, shop_id) values (40, 'Aerified', 'https://s3-us-west-1.amazonaws.com/front-end-capstone-images/product40.jpg', 8);
insert into products (id, product, img_url, shop_id) values (41, 'Tresom', 'https://s3-us-west-1.amazonaws.com/front-end-capstone-images/product41.jpg', 8);
insert into products (id, product, img_url, shop_id) values (42, 'Viva', 'https://s3-us-west-1.amazonaws.com/front-end-capstone-images/product42.jpg', 8);
insert into products (id, product, img_url, shop_id) values (43, 'Asoka', 'https://s3-us-west-1.amazonaws.com/front-end-capstone-images/product43.jpg', 9);
insert into products (id, product, img_url, shop_id) values (44, 'Latlux', 'https://s3-us-west-1.amazonaws.com/front-end-capstone-images/product44.jpg', 9);
insert into products (id, product, img_url, shop_id) values (45, 'Temp', 'https://s3-us-west-1.amazonaws.com/front-end-capstone-images/product45.jpg', 7);
insert into products (id, product, img_url, shop_id) values (46, 'Alpha', 'https://s3-us-west-1.amazonaws.com/front-end-capstone-images/product46.jpg', 6);
insert into products (id, product, img_url, shop_id) values (47, 'Cardguard', 'https://s3-us-west-1.amazonaws.com/front-end-capstone-images/product47.jpg', 9);
insert into products (id, product, img_url, shop_id) values (48, 'Sub-Ex', 'https://s3-us-west-1.amazonaws.com/front-end-capstone-images/product48.jpg', 8);
insert into products (id, product, img_url, shop_id) values (49, 'Opela', 'https://s3-us-west-1.amazonaws.com/front-end-capstone-images/product49.jpg', 6);
insert into products (id, product, img_url, shop_id) values (50, 'Zaam-Dox', 'https://s3-us-west-1.amazonaws.com/front-end-capstone-images/product50.jpg', 6);
insert into products (id, product, img_url, shop_id) values (51, 'Veribet', 'https://s3-us-west-1.amazonaws.com/front-end-capstone-images/product51.jpg', 6);
insert into products (id, product, img_url, shop_id) values (52, 'Otcom', 'https://s3-us-west-1.amazonaws.com/front-end-capstone-images/product52.jpg', 5);
insert into products (id, product, img_url, shop_id) values (53, 'Viva', 'https://s3-us-west-1.amazonaws.com/front-end-capstone-images/product53.jpg', 9);
insert into products (id, product, img_url, shop_id) values (54, 'Ventosanzap', 'https://s3-us-west-1.amazonaws.com/front-end-capstone-images/product54.jpg', 8);
insert into products (id, product, img_url, shop_id) values (55, 'Bitchip', 'https://s3-us-west-1.amazonaws.com/front-end-capstone-images/product55.jpg', 7);
insert into products (id, product, img_url, shop_id) values (56, 'Temp', 'https://s3-us-west-1.amazonaws.com/front-end-capstone-images/product56.jpg', 2);
insert into products (id, product, img_url, shop_id) values (57, 'Flexidy', 'https://s3-us-west-1.amazonaws.com/front-end-capstone-images/product57.jpg', 8);
insert into products (id, product, img_url, shop_id) values (58, 'Toughjoyfax', 'https://s3-us-west-1.amazonaws.com/front-end-capstone-images/product58.jpg', 5);
insert into products (id, product, img_url, shop_id) values (59, 'Bitchip', 'https://s3-us-west-1.amazonaws.com/front-end-capstone-images/product59.jpg', 7);
insert into products (id, product, img_url, shop_id) values (60, 'Ventosanzap', 'https://s3-us-west-1.amazonaws.com/front-end-capstone-images/product60.jpg', 9);
insert into products (id, product, img_url, shop_id) values (61, 'Home Ing', 'https://s3-us-west-1.amazonaws.com/front-end-capstone-images/product61.jpg', 6);
insert into products (id, product, img_url, shop_id) values (62, 'Biodex', 'https://s3-us-west-1.amazonaws.com/front-end-capstone-images/product62.jpg', 8);
insert into products (id, product, img_url, shop_id) values (63, 'Bytecard', 'https://s3-us-west-1.amazonaws.com/front-end-capstone-images/product63.jpg', 6);
insert into products (id, product, img_url, shop_id) values (64, 'Lotlux', 'https://s3-us-west-1.amazonaws.com/front-end-capstone-images/product64.jpg', 1);
insert into products (id, product, img_url, shop_id) values (65, 'Regrant', 'https://s3-us-west-1.amazonaws.com/front-end-capstone-images/product65.jpg', 8);
insert into products (id, product, img_url, shop_id) values (66, 'Cardguard', 'https://s3-us-west-1.amazonaws.com/front-end-capstone-images/product66.jpg', 6);
insert into products (id, product, img_url, shop_id) values (67, 'Treeflex', 'https://s3-us-west-1.amazonaws.com/front-end-capstone-images/product67.jpg', 9);
insert into products (id, product, img_url, shop_id) values (68, 'Voltsillam', 'https://s3-us-west-1.amazonaws.com/front-end-capstone-images/product68.jpg', 2);
insert into products (id, product, img_url, shop_id) values (69, 'Trippledex', 'https://s3-us-west-1.amazonaws.com/front-end-capstone-images/product69.jpg', 7);
insert into products (id, product, img_url, shop_id) values (70, 'Tempsoft', 'https://s3-us-west-1.amazonaws.com/front-end-capstone-images/product70.jpg', 10);
insert into products (id, product, img_url, shop_id) values (71, 'Gembucket', 'https://s3-us-west-1.amazonaws.com/front-end-capstone-images/product71.jpg', 3);
insert into products (id, product, img_url, shop_id) values (72, 'Hatity', 'https://s3-us-west-1.amazonaws.com/front-end-capstone-images/product72.jpg', 1);
insert into products (id, product, img_url, shop_id) values (73, 'Ronstring', 'https://s3-us-west-1.amazonaws.com/front-end-capstone-images/product73.jpg', 2);
insert into products (id, product, img_url, shop_id) values (74, 'Sonair', 'https://s3-us-west-1.amazonaws.com/front-end-capstone-images/product74.jpg', 4);
insert into products (id, product, img_url, shop_id) values (75, 'Holdlamis', 'https://s3-us-west-1.amazonaws.com/front-end-capstone-images/product75.jpg', 2);
insert into products (id, product, img_url, shop_id) values (76, 'Bitchip', 'https://s3-us-west-1.amazonaws.com/front-end-capstone-images/product76.jpg', 7);
insert into products (id, product, img_url, shop_id) values (77, 'Overhold', 'https://s3-us-west-1.amazonaws.com/front-end-capstone-images/product77.jpg', 4);
insert into products (id, product, img_url, shop_id) values (78, 'Aerified', 'https://s3-us-west-1.amazonaws.com/front-end-capstone-images/product78.jpg', 8);
insert into products (id, product, img_url, shop_id) values (79, 'Tempsoft', 'https://s3-us-west-1.amazonaws.com/front-end-capstone-images/product79.jpg', 1);
insert into products (id, product, img_url, shop_id) values (80, 'Veribet', 'https://s3-us-west-1.amazonaws.com/front-end-capstone-images/product80.jpg', 2);
insert into products (id, product, img_url, shop_id) values (81, 'Voltsillam', 'https://s3-us-west-1.amazonaws.com/front-end-capstone-images/product81.jpg', 6);
insert into products (id, product, img_url, shop_id) values (82, 'Daltfresh', 'https://s3-us-west-1.amazonaws.com/front-end-capstone-images/product82.jpg', 7);
insert into products (id, product, img_url, shop_id) values (83, 'Redhold', 'https://s3-us-west-1.amazonaws.com/front-end-capstone-images/product83.jpg', 2);
insert into products (id, product, img_url, shop_id) values (84, 'Flowdesk', 'https://s3-us-west-1.amazonaws.com/front-end-capstone-images/product84.jpg', 4);
insert into products (id, product, img_url, shop_id) values (85, 'Trippledex', 'https://s3-us-west-1.amazonaws.com/front-end-capstone-images/product85.jpg', 10);
insert into products (id, product, img_url, shop_id) values (86, 'Tresom', 'https://s3-us-west-1.amazonaws.com/front-end-capstone-images/product86.jpg', 1);
insert into products (id, product, img_url, shop_id) values (87, 'Aerified', 'https://s3-us-west-1.amazonaws.com/front-end-capstone-images/product87.jpg', 1);
insert into products (id, product, img_url, shop_id) values (88, 'Flowdesk', 'https://s3-us-west-1.amazonaws.com/front-end-capstone-images/product88.jpg', 1);
insert into products (id, product, img_url, shop_id) values (89, 'Greenlam', 'https://s3-us-west-1.amazonaws.com/front-end-capstone-images/product89.jpg', 9);
insert into products (id, product, img_url, shop_id) values (90, 'Stronghold', 'https://s3-us-west-1.amazonaws.com/front-end-capstone-images/product90.jpg', 3);
insert into products (id, product, img_url, shop_id) values (91, 'Regrant', 'https://s3-us-west-1.amazonaws.com/front-end-capstone-images/product91.jpg', 5);
insert into products (id, product, img_url, shop_id) values (92, 'Mat Lam Tam', 'https://s3-us-west-1.amazonaws.com/front-end-capstone-images/product92.jpg', 5);
insert into products (id, product, img_url, shop_id) values (93, 'Zaam-Dox', 'https://s3-us-west-1.amazonaws.com/front-end-capstone-images/product93.jpg', 1);
insert into products (id, product, img_url, shop_id) values (94, 'Zathin', 'https://s3-us-west-1.amazonaws.com/front-end-capstone-images/product94.jpg', 9);
insert into products (id, product, img_url, shop_id) values (95, 'Cookley', 'https://s3-us-west-1.amazonaws.com/front-end-capstone-images/product95.jpg', 5);
insert into products (id, product, img_url, shop_id) values (96, 'Zathin', 'https://s3-us-west-1.amazonaws.com/front-end-capstone-images/product96.jpg', 9);
insert into products (id, product, img_url, shop_id) values (97, 'Sonair', 'https://s3-us-west-1.amazonaws.com/front-end-capstone-images/product97.jpg', 3);
insert into products (id, product, img_url, shop_id) values (98, 'Ventosanzap', 'https://s3-us-west-1.amazonaws.com/front-end-capstone-images/product98.jpg', 10);
insert into products (id, product, img_url, shop_id) values (99, 'Konklux', 'https://s3-us-west-1.amazonaws.com/front-end-capstone-images/product99.jpg', 6);
insert into products (id, product, img_url, shop_id) values (100, 'Bytecard', 'https://s3-us-west-1.amazonaws.com/front-end-capstone-images/product100.jpg', 10);

create table reviews (
	id INT AUTO_INCREMENT,
	user_id INT,
	product_id INT,
	date_submitted VARCHAR(15),
	rating INT,
	review TEXT,
	votes INT,
	helpfulness INT,
	shop_id INT,
	PRIMARY KEY (id)
);
insert into reviews (id, user_id, product_id, date_submitted, rating, review, votes, helpfulness, shop_id) values (1, 3, 86, '03/09/2018', 1, 'donec pharetra magna vestibulum aliquet ultrices erat tortor sollicitudin mi sit amet lobortis sapien sapien non', 110, 36, 10);
insert into reviews (id, user_id, product_id, date_submitted, rating, review, votes, helpfulness, shop_id) values (2, 47, 68, '08/22/2017', 1, 'bibendum felis sed interdum venenatis turpis enim blandit mi in porttitor pede', 92, 55, 4);
insert into reviews (id, user_id, product_id, date_submitted, rating, review, votes, helpfulness, shop_id) values (3, 54, 62, '11/22/2017', 3, 'mauris ullamcorper purus sit amet nulla quisque arcu libero rutrum ac lobortis vel dapibus', 101, -70, 9);
insert into reviews (id, user_id, product_id, date_submitted, rating, review, votes, helpfulness, shop_id) values (4, 59, 1, '10/10/2017', 1, 'vestibulum sed magna at nunc commodo placerat praesent blandit nam nulla', 114, 69, 2);
insert into reviews (id, user_id, product_id, date_submitted, rating, review, votes, helpfulness, shop_id) values (5, 31, 60, '09/15/2017', 1, 'ipsum primis in faucibus orci luctus et ultrices posuere cubilia', 73, -22, 4);
insert into reviews (id, user_id, product_id, date_submitted, rating, review, votes, helpfulness, shop_id) values (6, 29, 69, '04/23/2018', 5, 'convallis nulla neque libero convallis eget eleifend luctus ultricies eu', 117, 26, 6);
insert into reviews (id, user_id, product_id, date_submitted, rating, review, votes, helpfulness, shop_id) values (7, 99, 65, '01/15/2018', 3, 'in consequat ut nulla sed accumsan felis ut at dolor quis odio', 67, 9, 5);
insert into reviews (id, user_id, product_id, date_submitted, rating, review, votes, helpfulness, shop_id) values (8, 97, 14, '10/22/2017', 1, 'donec ut mauris eget massa tempor convallis nulla neque libero convallis eget eleifend luctus ultricies eu nibh quisque id', 71, 20, 3);
insert into reviews (id, user_id, product_id, date_submitted, rating, review, votes, helpfulness, shop_id) values (9, 74, 98, '06/30/2017', 2, 'egestas metus aenean fermentum donec ut mauris eget massa tempor convallis nulla neque libero convallis eget', 54, -4, 2);
insert into reviews (id, user_id, product_id, date_submitted, rating, review, votes, helpfulness, shop_id) values (10, 77, 16, '10/21/2017', 3, 'justo eu massa donec dapibus duis at velit eu est congue elementum in hac', 133, -107, 2);
insert into reviews (id, user_id, product_id, date_submitted, rating, review, votes, helpfulness, shop_id) values (11, 68, 73, '11/21/2017', 4, 'volutpat dui maecenas tristique est et tempus semper est quam', 5, 2, 10);
insert into reviews (id, user_id, product_id, date_submitted, rating, review, votes, helpfulness, shop_id) values (12, 68, 89, '06/10/2017', 5, 'rhoncus aliquet pulvinar sed nisl nunc rhoncus dui vel sem sed sagittis', 107, -54, 8);
insert into reviews (id, user_id, product_id, date_submitted, rating, review, votes, helpfulness, shop_id) values (13, 57, 2, '04/29/2018', 5, 'donec semper sapien a libero nam dui proin leo odio porttitor id consequat in consequat ut', 2, 1, 1);
insert into reviews (id, user_id, product_id, date_submitted, rating, review, votes, helpfulness, shop_id) values (14, 14, 79, '03/14/2018', 1, 'vitae quam suspendisse potenti nullam porttitor lacus at turpis donec posuere metus vitae ipsum aliquam', 137, -54, 1);
insert into reviews (id, user_id, product_id, date_submitted, rating, review, votes, helpfulness, shop_id) values (15, 69, 9, '01/17/2018', 2, 'ac diam cras pellentesque volutpat dui maecenas tristique est et tempus semper', 88, 20, 10);
insert into reviews (id, user_id, product_id, date_submitted, rating, review, votes, helpfulness, shop_id) values (16, 24, 39, '08/06/2017', 4, 'lobortis sapien sapien non mi integer ac neque duis bibendum morbi non quam nec dui luctus rutrum nulla', 3, 2, 2);
insert into reviews (id, user_id, product_id, date_submitted, rating, review, votes, helpfulness, shop_id) values (17, 86, 72, '03/08/2018', 4, 'libero non mattis pulvinar nulla pede ullamcorper augue a suscipit nulla elit ac nulla sed vel enim sit amet', 50, 44, 2);
insert into reviews (id, user_id, product_id, date_submitted, rating, review, votes, helpfulness, shop_id) values (18, 15, 69, '07/24/2017', 2, 'purus eu magna vulputate luctus cum sociis natoque penatibus et magnis dis parturient montes nascetur', 136, -73, 5);
insert into reviews (id, user_id, product_id, date_submitted, rating, review, votes, helpfulness, shop_id) values (19, 76, 30, '09/07/2017', 3, 'et eros vestibulum ac est lacinia nisi venenatis tristique fusce congue diam id ornare', 64, 13, 6);
insert into reviews (id, user_id, product_id, date_submitted, rating, review, votes, helpfulness, shop_id) values (20, 57, 100, '09/14/2017', 5, 'massa id nisl venenatis lacinia aenean sit amet justo morbi ut odio cras', 61, 4, 9);
insert into reviews (id, user_id, product_id, date_submitted, rating, review, votes, helpfulness, shop_id) values (21, 66, 41, '06/22/2017', 5, 'quis libero nullam sit amet turpis elementum ligula vehicula consequat morbi a ipsum integer a nibh', 111, 30, 8);
insert into reviews (id, user_id, product_id, date_submitted, rating, review, votes, helpfulness, shop_id) values (22, 44, 51, '07/12/2017', 2, 'gravida nisi at nibh in hac habitasse platea dictumst aliquam augue quam sollicitudin vitae consectetuer', 41, 23, 2);
insert into reviews (id, user_id, product_id, date_submitted, rating, review, votes, helpfulness, shop_id) values (23, 60, 22, '05/23/2018', 3, 'libero non mattis pulvinar nulla pede ullamcorper augue a suscipit nulla elit', 22, 19, 9);
insert into reviews (id, user_id, product_id, date_submitted, rating, review, votes, helpfulness, shop_id) values (24, 53, 4, '01/07/2018', 4, 'lectus suspendisse potenti in eleifend quam a odio in hac habitasse platea dictumst maecenas ut massa quis augue luctus tincidunt', 141, -54, 2);
insert into reviews (id, user_id, product_id, date_submitted, rating, review, votes, helpfulness, shop_id) values (25, 60, 49, '10/11/2017', 5, 'dapibus duis at velit eu est congue elementum in hac habitasse platea dictumst morbi vestibulum velit id pretium iaculis', 105, 69, 8);
insert into reviews (id, user_id, product_id, date_submitted, rating, review, votes, helpfulness, shop_id) values (26, 36, 72, '04/16/2018', 4, 'eget elit sodales scelerisque mauris sit amet eros suspendisse accumsan tortor quis turpis sed', 89, 74, 10);
insert into reviews (id, user_id, product_id, date_submitted, rating, review, votes, helpfulness, shop_id) values (27, 96, 74, '02/15/2018', 5, 'porta volutpat erat quisque erat eros viverra eget congue eget semper', 89, -7, 9);
insert into reviews (id, user_id, product_id, date_submitted, rating, review, votes, helpfulness, shop_id) values (28, 18, 6, '12/31/2017', 5, 'integer pede justo lacinia eget tincidunt eget tempus vel pede morbi porttitor lorem', 127, 112, 4);
insert into reviews (id, user_id, product_id, date_submitted, rating, review, votes, helpfulness, shop_id) values (29, 5, 60, '05/06/2018', 1, 'ipsum primis in faucibus orci luctus et ultrices posuere cubilia curae mauris viverra diam vitae quam suspendisse', 8, 2, 6);
insert into reviews (id, user_id, product_id, date_submitted, rating, review, votes, helpfulness, shop_id) values (30, 53, 75, '09/16/2017', 5, 'in felis donec semper sapien a libero nam dui proin leo odio porttitor id consequat in consequat ut', 108, 54, 3);
insert into reviews (id, user_id, product_id, date_submitted, rating, review, votes, helpfulness, shop_id) values (31, 2, 18, '07/19/2017', 3, 'quis justo maecenas rhoncus aliquam lacus morbi quis tortor id nulla ultrices aliquet maecenas leo odio condimentum id luctus nec', 64, 11, 1);
insert into reviews (id, user_id, product_id, date_submitted, rating, review, votes, helpfulness, shop_id) values (32, 7, 76, '07/05/2017', 1, 'orci nullam molestie nibh in lectus pellentesque at nulla suspendisse potenti', 3, 0, 3);
insert into reviews (id, user_id, product_id, date_submitted, rating, review, votes, helpfulness, shop_id) values (33, 28, 66, '04/11/2018', 2, 'in faucibus orci luctus et ultrices posuere cubilia curae mauris viverra diam', 65, 61, 5);
insert into reviews (id, user_id, product_id, date_submitted, rating, review, votes, helpfulness, shop_id) values (34, 8, 93, '12/29/2017', 3, 'augue vestibulum rutrum rutrum neque aenean auctor gravida sem praesent id massa id nisl venenatis lacinia aenean sit', 140, 4, 8);
insert into reviews (id, user_id, product_id, date_submitted, rating, review, votes, helpfulness, shop_id) values (35, 16, 13, '09/13/2017', 5, 'sit amet sem fusce consequat nulla nisl nunc nisl duis bibendum felis sed interdum', 67, 45, 6);
insert into reviews (id, user_id, product_id, date_submitted, rating, review, votes, helpfulness, shop_id) values (36, 57, 88, '12/04/2017', 3, 'fusce lacus purus aliquet at feugiat non pretium quis lectus', 106, 78, 10);
insert into reviews (id, user_id, product_id, date_submitted, rating, review, votes, helpfulness, shop_id) values (37, 49, 14, '08/05/2017', 3, 'lobortis sapien sapien non mi integer ac neque duis bibendum morbi non quam nec dui luctus rutrum nulla tellus', 112, 90, 1);
insert into reviews (id, user_id, product_id, date_submitted, rating, review, votes, helpfulness, shop_id) values (38, 68, 50, '11/05/2017', 2, 'pellentesque volutpat dui maecenas tristique est et tempus semper est quam pharetra magna ac', 87, 2, 4);
insert into reviews (id, user_id, product_id, date_submitted, rating, review, votes, helpfulness, shop_id) values (39, 87, 38, '08/18/2017', 3, 'nunc commodo placerat praesent blandit nam nulla integer pede justo lacinia eget tincidunt eget tempus vel pede', 50, 1, 1);
insert into reviews (id, user_id, product_id, date_submitted, rating, review, votes, helpfulness, shop_id) values (40, 69, 9, '12/08/2017', 2, 'diam erat fermentum justo nec condimentum neque sapien placerat ante nulla justo', 124, -99, 2);
insert into reviews (id, user_id, product_id, date_submitted, rating, review, votes, helpfulness, shop_id) values (41, 81, 81, '09/19/2017', 3, 'rutrum rutrum neque aenean auctor gravida sem praesent id massa id', 129, -97, 8);
insert into reviews (id, user_id, product_id, date_submitted, rating, review, votes, helpfulness, shop_id) values (42, 26, 89, '11/12/2017', 1, 'in lacus curabitur at ipsum ac tellus semper interdum mauris ullamcorper purus sit amet nulla quisque arcu libero', 92, -55, 7);
insert into reviews (id, user_id, product_id, date_submitted, rating, review, votes, helpfulness, shop_id) values (43, 95, 63, '11/21/2017', 4, 'odio porttitor id consequat in consequat ut nulla sed accumsan felis ut at', 96, 1, 2);
insert into reviews (id, user_id, product_id, date_submitted, rating, review, votes, helpfulness, shop_id) values (44, 26, 9, '02/14/2018', 2, 'fusce posuere felis sed lacus morbi sem mauris laoreet ut rhoncus', 7, 5, 5);
insert into reviews (id, user_id, product_id, date_submitted, rating, review, votes, helpfulness, shop_id) values (45, 20, 52, '07/15/2017', 3, 'adipiscing elit proin interdum mauris non ligula pellentesque ultrices phasellus id sapien in sapien iaculis congue vivamus', 108, 69, 4);
insert into reviews (id, user_id, product_id, date_submitted, rating, review, votes, helpfulness, shop_id) values (46, 56, 25, '12/12/2017', 4, 'molestie lorem quisque ut erat curabitur gravida nisi at nibh in', 115, 73, 6);
insert into reviews (id, user_id, product_id, date_submitted, rating, review, votes, helpfulness, shop_id) values (47, 37, 19, '12/26/2017', 3, 'metus vitae ipsum aliquam non mauris morbi non lectus aliquam sit amet diam in magna', 137, 66, 6);
insert into reviews (id, user_id, product_id, date_submitted, rating, review, votes, helpfulness, shop_id) values (48, 2, 31, '06/23/2017', 4, 'a odio in hac habitasse platea dictumst maecenas ut massa quis augue', 76, 19, 3);
insert into reviews (id, user_id, product_id, date_submitted, rating, review, votes, helpfulness, shop_id) values (49, 16, 3, '10/22/2017', 2, 'pretium iaculis justo in hac habitasse platea dictumst etiam faucibus', 17, 16, 3);
insert into reviews (id, user_id, product_id, date_submitted, rating, review, votes, helpfulness, shop_id) values (50, 27, 3, '06/10/2017', 5, 'consequat lectus in est risus auctor sed tristique in tempus sit amet sem fusce consequat nulla nisl', 101, 89, 2);
insert into reviews (id, user_id, product_id, date_submitted, rating, review, votes, helpfulness, shop_id) values (51, 45, 20, '09/09/2017', 3, 'risus dapibus augue vel accumsan tellus nisi eu orci mauris lacinia sapien quis', 30, 25, 2);
insert into reviews (id, user_id, product_id, date_submitted, rating, review, votes, helpfulness, shop_id) values (52, 28, 92, '07/09/2017', 4, 'lobortis ligula sit amet eleifend pede libero quis orci nullam molestie nibh in lectus', 53, 21, 6);
insert into reviews (id, user_id, product_id, date_submitted, rating, review, votes, helpfulness, shop_id) values (53, 48, 81, '02/18/2018', 4, 'morbi porttitor lorem id ligula suspendisse ornare consequat lectus in est risus auctor sed tristique in', 92, 21, 7);
insert into reviews (id, user_id, product_id, date_submitted, rating, review, votes, helpfulness, shop_id) values (54, 77, 34, '11/19/2017', 2, 'non mi integer ac neque duis bibendum morbi non quam nec dui luctus rutrum nulla', 90, 14, 9);
insert into reviews (id, user_id, product_id, date_submitted, rating, review, votes, helpfulness, shop_id) values (55, 99, 19, '01/25/2018', 4, 'lacus curabitur at ipsum ac tellus semper interdum mauris ullamcorper purus', 43, 6, 6);
insert into reviews (id, user_id, product_id, date_submitted, rating, review, votes, helpfulness, shop_id) values (56, 53, 13, '07/01/2017', 3, 'rutrum at lorem integer tincidunt ante vel ipsum praesent blandit lacinia', 28, 27, 5);
insert into reviews (id, user_id, product_id, date_submitted, rating, review, votes, helpfulness, shop_id) values (57, 10, 85, '06/12/2017', 4, 'nullam porttitor lacus at turpis donec posuere metus vitae ipsum aliquam', 29, 22, 6);
insert into reviews (id, user_id, product_id, date_submitted, rating, review, votes, helpfulness, shop_id) values (58, 14, 35, '11/27/2017', 2, 'morbi a ipsum integer a nibh in quis justo maecenas', 70, 37, 3);
insert into reviews (id, user_id, product_id, date_submitted, rating, review, votes, helpfulness, shop_id) values (59, 34, 81, '08/19/2017', 3, 'morbi non quam nec dui luctus rutrum nulla tellus in sagittis', 68, 61, 2);
insert into reviews (id, user_id, product_id, date_submitted, rating, review, votes, helpfulness, shop_id) values (60, 57, 13, '08/02/2017', 4, 'platea dictumst aliquam augue quam sollicitudin vitae consectetuer eget rutrum', 132, 5, 1);
insert into reviews (id, user_id, product_id, date_submitted, rating, review, votes, helpfulness, shop_id) values (61, 34, 91, '12/16/2017', 4, 'eu mi nulla ac enim in tempor turpis nec euismod', 35, 21, 9);
insert into reviews (id, user_id, product_id, date_submitted, rating, review, votes, helpfulness, shop_id) values (62, 77, 39, '09/24/2017', 5, 'fusce consequat nulla nisl nunc nisl duis bibendum felis sed interdum venenatis turpis enim blandit mi', 25, 11, 7);
insert into reviews (id, user_id, product_id, date_submitted, rating, review, votes, helpfulness, shop_id) values (63, 44, 62, '12/28/2017', 5, 'nulla quisque arcu libero rutrum ac lobortis vel dapibus at diam nam tristique tortor eu pede', 107, 41, 6);
insert into reviews (id, user_id, product_id, date_submitted, rating, review, votes, helpfulness, shop_id) values (64, 67, 80, '03/24/2018', 2, 'suspendisse potenti in eleifend quam a odio in hac habitasse platea dictumst maecenas', 9, 8, 1);
insert into reviews (id, user_id, product_id, date_submitted, rating, review, votes, helpfulness, shop_id) values (65, 66, 13, '01/19/2018', 1, 'consequat dui nec nisi volutpat eleifend donec ut dolor morbi vel lectus', 35, 13, 1);
insert into reviews (id, user_id, product_id, date_submitted, rating, review, votes, helpfulness, shop_id) values (66, 57, 28, '07/05/2017', 1, 'sit amet nulla quisque arcu libero rutrum ac lobortis vel dapibus at diam nam tristique tortor eu', 51, 41, 10);
insert into reviews (id, user_id, product_id, date_submitted, rating, review, votes, helpfulness, shop_id) values (67, 94, 29, '09/19/2017', 5, 'est quam pharetra magna ac consequat metus sapien ut nunc vestibulum ante ipsum primis in faucibus', 27, -4, 6);
insert into reviews (id, user_id, product_id, date_submitted, rating, review, votes, helpfulness, shop_id) values (68, 89, 64, '06/14/2017', 1, 'justo in blandit ultrices enim lorem ipsum dolor sit amet consectetuer adipiscing elit proin interdum', 124, -32, 2);
insert into reviews (id, user_id, product_id, date_submitted, rating, review, votes, helpfulness, shop_id) values (69, 98, 55, '10/25/2017', 1, 'sollicitudin mi sit amet lobortis sapien sapien non mi integer', 82, 76, 7);
insert into reviews (id, user_id, product_id, date_submitted, rating, review, votes, helpfulness, shop_id) values (70, 22, 58, '05/10/2018', 2, 'nec nisi vulputate nonummy maecenas tincidunt lacus at velit vivamus vel nulla eget eros elementum pellentesque quisque porta volutpat', 12, 9, 10);
insert into reviews (id, user_id, product_id, date_submitted, rating, review, votes, helpfulness, shop_id) values (71, 15, 71, '11/22/2017', 4, 'turpis a pede posuere nonummy integer non velit donec diam neque vestibulum eget vulputate ut ultrices', 98, 53, 7);
insert into reviews (id, user_id, product_id, date_submitted, rating, review, votes, helpfulness, shop_id) values (72, 55, 59, '01/25/2018', 2, 'est et tempus semper est quam pharetra magna ac consequat metus', 36, 10, 8);
insert into reviews (id, user_id, product_id, date_submitted, rating, review, votes, helpfulness, shop_id) values (73, 33, 52, '10/03/2017', 4, 'et ultrices posuere cubilia curae duis faucibus accumsan odio curabitur convallis duis consequat dui', 103, 79, 4);
insert into reviews (id, user_id, product_id, date_submitted, rating, review, votes, helpfulness, shop_id) values (74, 45, 11, '10/01/2017', 5, 'elit sodales scelerisque mauris sit amet eros suspendisse accumsan tortor quis turpis sed ante vivamus tortor duis mattis', 28, 25, 9);
insert into reviews (id, user_id, product_id, date_submitted, rating, review, votes, helpfulness, shop_id) values (75, 41, 19, '03/22/2018', 3, 'convallis duis consequat dui nec nisi volutpat eleifend donec ut dolor', 12, 3, 6);
insert into reviews (id, user_id, product_id, date_submitted, rating, review, votes, helpfulness, shop_id) values (76, 70, 90, '04/07/2018', 2, 'dignissim vestibulum vestibulum ante ipsum primis in faucibus orci luctus et ultrices posuere cubilia curae nulla dapibus dolor', 139, -136, 10);
insert into reviews (id, user_id, product_id, date_submitted, rating, review, votes, helpfulness, shop_id) values (77, 86, 56, '04/25/2018', 1, 'quis lectus suspendisse potenti in eleifend quam a odio in hac habitasse platea dictumst', 108, 90, 1);
insert into reviews (id, user_id, product_id, date_submitted, rating, review, votes, helpfulness, shop_id) values (78, 8, 50, '11/17/2017', 3, 'sapien non mi integer ac neque duis bibendum morbi non quam nec dui', 128, 89, 7);
insert into reviews (id, user_id, product_id, date_submitted, rating, review, votes, helpfulness, shop_id) values (79, 24, 38, '07/03/2017', 5, 'mauris morbi non lectus aliquam sit amet diam in magna bibendum', 12, 4, 5);
insert into reviews (id, user_id, product_id, date_submitted, rating, review, votes, helpfulness, shop_id) values (80, 68, 44, '09/18/2017', 5, 'justo sit amet sapien dignissim vestibulum vestibulum ante ipsum primis in faucibus orci luctus et ultrices', 87, 56, 3);
insert into reviews (id, user_id, product_id, date_submitted, rating, review, votes, helpfulness, shop_id) values (81, 93, 10, '04/22/2018', 2, 'tempus semper est quam pharetra magna ac consequat metus sapien ut nunc vestibulum ante ipsum', 74, 43, 5);
insert into reviews (id, user_id, product_id, date_submitted, rating, review, votes, helpfulness, shop_id) values (82, 18, 13, '09/11/2017', 5, 'eu felis fusce posuere felis sed lacus morbi sem mauris laoreet ut rhoncus aliquet pulvinar sed nisl', 137, 51, 6);
insert into reviews (id, user_id, product_id, date_submitted, rating, review, votes, helpfulness, shop_id) values (83, 78, 76, '04/20/2018', 2, 'sed sagittis nam congue risus semper porta volutpat quam pede lobortis ligula sit amet eleifend pede libero', 89, -67, 10);
insert into reviews (id, user_id, product_id, date_submitted, rating, review, votes, helpfulness, shop_id) values (84, 82, 58, '08/01/2017', 1, 'praesent lectus vestibulum quam sapien varius ut blandit non interdum in ante vestibulum ante ipsum primis in faucibus orci luctus', 5, 1, 1);
insert into reviews (id, user_id, product_id, date_submitted, rating, review, votes, helpfulness, shop_id) values (85, 78, 58, '06/15/2017', 2, 'morbi non lectus aliquam sit amet diam in magna bibendum imperdiet', 72, 10, 2);
insert into reviews (id, user_id, product_id, date_submitted, rating, review, votes, helpfulness, shop_id) values (86, 49, 99, '05/06/2018', 4, 'maecenas pulvinar lobortis est phasellus sit amet erat nulla tempus', 35, 3, 10);
insert into reviews (id, user_id, product_id, date_submitted, rating, review, votes, helpfulness, shop_id) values (87, 98, 80, '04/04/2018', 4, 'vehicula condimentum curabitur in libero ut massa volutpat convallis morbi', 138, -126, 9);
insert into reviews (id, user_id, product_id, date_submitted, rating, review, votes, helpfulness, shop_id) values (88, 82, 84, '03/31/2018', 2, 'sapien a libero nam dui proin leo odio porttitor id consequat in consequat ut nulla sed accumsan', 72, -13, 1);
insert into reviews (id, user_id, product_id, date_submitted, rating, review, votes, helpfulness, shop_id) values (89, 88, 34, '12/12/2017', 5, 'semper sapien a libero nam dui proin leo odio porttitor', 127, -88, 4);
insert into reviews (id, user_id, product_id, date_submitted, rating, review, votes, helpfulness, shop_id) values (90, 65, 51, '11/13/2017', 5, 'iaculis congue vivamus metus arcu adipiscing molestie hendrerit at vulputate vitae nisl aenean lectus pellentesque eget nunc', 142, -51, 2);
insert into reviews (id, user_id, product_id, date_submitted, rating, review, votes, helpfulness, shop_id) values (91, 68, 77, '02/09/2018', 1, 'est donec odio justo sollicitudin ut suscipit a feugiat et eros vestibulum ac', 103, -52, 6);
insert into reviews (id, user_id, product_id, date_submitted, rating, review, votes, helpfulness, shop_id) values (92, 4, 63, '01/09/2018', 4, 'nisi nam ultrices libero non mattis pulvinar nulla pede ullamcorper augue a', 27, 21, 10);
insert into reviews (id, user_id, product_id, date_submitted, rating, review, votes, helpfulness, shop_id) values (93, 61, 33, '10/02/2017', 1, 'cubilia curae duis faucibus accumsan odio curabitur convallis duis consequat dui nec nisi volutpat eleifend donec', 110, 45, 6);
insert into reviews (id, user_id, product_id, date_submitted, rating, review, votes, helpfulness, shop_id) values (94, 13, 8, '07/01/2017', 5, 'consequat metus sapien ut nunc vestibulum ante ipsum primis in faucibus', 42, 30, 4);
insert into reviews (id, user_id, product_id, date_submitted, rating, review, votes, helpfulness, shop_id) values (95, 29, 12, '09/05/2017', 4, 'ut volutpat sapien arcu sed augue aliquam erat volutpat in', 59, -27, 7);
insert into reviews (id, user_id, product_id, date_submitted, rating, review, votes, helpfulness, shop_id) values (96, 66, 63, '11/04/2017', 4, 'orci luctus et ultrices posuere cubilia curae duis faucibus accumsan odio curabitur convallis duis', 124, 109, 5);
insert into reviews (id, user_id, product_id, date_submitted, rating, review, votes, helpfulness, shop_id) values (97, 10, 21, '02/07/2018', 2, 'primis in faucibus orci luctus et ultrices posuere cubilia curae mauris viverra', 109, 24, 4);
insert into reviews (id, user_id, product_id, date_submitted, rating, review, votes, helpfulness, shop_id) values (98, 10, 49, '04/03/2018', 5, 'condimentum id luctus nec molestie sed justo pellentesque viverra pede ac diam cras pellentesque volutpat dui maecenas tristique est et', 123, 24, 3);
insert into reviews (id, user_id, product_id, date_submitted, rating, review, votes, helpfulness, shop_id) values (99, 64, 70, '04/07/2018', 4, 'ultrices erat tortor sollicitudin mi sit amet lobortis sapien sapien non mi integer ac neque duis', 25, 12, 5);
insert into reviews (id, user_id, product_id, date_submitted, rating, review, votes, helpfulness, shop_id) values (100, 73, 2, '10/16/2017', 3, 'tempor convallis nulla neque libero convallis eget eleifend luctus ultricies eu nibh quisque id justo sit amet sapien dignissim vestibulum', 85, 1, 2);
insert into reviews (id, user_id, product_id, date_submitted, rating, review, votes, helpfulness, shop_id) values (101, 71, 50, '06/24/2017', 2, 'id ornare imperdiet sapien urna pretium nisl ut volutpat sapien arcu sed augue aliquam erat volutpat in congue', 18, 5, 7);
insert into reviews (id, user_id, product_id, date_submitted, rating, review, votes, helpfulness, shop_id) values (102, 93, 70, '11/13/2017', 5, 'rhoncus aliquam lacus morbi quis tortor id nulla ultrices aliquet maecenas leo odio condimentum id', 61, -43, 6);
insert into reviews (id, user_id, product_id, date_submitted, rating, review, votes, helpfulness, shop_id) values (103, 9, 57, '08/07/2017', 3, 'aliquam erat volutpat in congue etiam justo etiam pretium iaculis', 90, -16, 10);
insert into reviews (id, user_id, product_id, date_submitted, rating, review, votes, helpfulness, shop_id) values (104, 88, 56, '05/28/2018', 1, 'ridiculus mus etiam vel augue vestibulum rutrum rutrum neque aenean auctor gravida sem praesent id massa id nisl', 134, -3, 6);
insert into reviews (id, user_id, product_id, date_submitted, rating, review, votes, helpfulness, shop_id) values (105, 36, 24, '03/21/2018', 4, 'elementum ligula vehicula consequat morbi a ipsum integer a nibh in quis justo maecenas rhoncus aliquam lacus morbi', 25, 15, 3);
insert into reviews (id, user_id, product_id, date_submitted, rating, review, votes, helpfulness, shop_id) values (106, 31, 85, '12/04/2017', 1, 'sem duis aliquam convallis nunc proin at turpis a pede posuere nonummy integer', 64, 11, 8);
insert into reviews (id, user_id, product_id, date_submitted, rating, review, votes, helpfulness, shop_id) values (107, 6, 3, '03/20/2018', 3, 'cursus urna ut tellus nulla ut erat id mauris vulputate elementum nullam varius nulla facilisi', 18, -10, 6);
insert into reviews (id, user_id, product_id, date_submitted, rating, review, votes, helpfulness, shop_id) values (108, 5, 23, '02/25/2018', 1, 'massa quis augue luctus tincidunt nulla mollis molestie lorem quisque ut erat curabitur gravida nisi at nibh', 4, 0, 2);
insert into reviews (id, user_id, product_id, date_submitted, rating, review, votes, helpfulness, shop_id) values (109, 51, 16, '06/13/2017', 2, 'amet diam in magna bibendum imperdiet nullam orci pede venenatis non sodales sed tincidunt eu felis fusce posuere', 13, 8, 3);
insert into reviews (id, user_id, product_id, date_submitted, rating, review, votes, helpfulness, shop_id) values (110, 100, 89, '06/25/2017', 2, 'ligula suspendisse ornare consequat lectus in est risus auctor sed tristique in tempus sit amet sem', 71, 68, 10);
insert into reviews (id, user_id, product_id, date_submitted, rating, review, votes, helpfulness, shop_id) values (111, 11, 77, '09/01/2017', 3, 'amet consectetuer adipiscing elit proin risus praesent lectus vestibulum quam sapien varius ut blandit non interdum in', 70, -5, 3);
insert into reviews (id, user_id, product_id, date_submitted, rating, review, votes, helpfulness, shop_id) values (112, 84, 4, '04/21/2018', 1, 'eu felis fusce posuere felis sed lacus morbi sem mauris laoreet ut rhoncus aliquet pulvinar sed nisl', 147, -20, 3);
insert into reviews (id, user_id, product_id, date_submitted, rating, review, votes, helpfulness, shop_id) values (113, 11, 31, '08/18/2017', 4, 'sapien iaculis congue vivamus metus arcu adipiscing molestie hendrerit at vulputate vitae nisl aenean', 108, 44, 7);
insert into reviews (id, user_id, product_id, date_submitted, rating, review, votes, helpfulness, shop_id) values (114, 54, 38, '06/03/2017', 1, 'amet cursus id turpis integer aliquet massa id lobortis convallis tortor risus dapibus augue vel accumsan', 90, 25, 6);
insert into reviews (id, user_id, product_id, date_submitted, rating, review, votes, helpfulness, shop_id) values (115, 87, 93, '06/15/2017', 3, 'sapien non mi integer ac neque duis bibendum morbi non quam nec', 69, -53, 6);
insert into reviews (id, user_id, product_id, date_submitted, rating, review, votes, helpfulness, shop_id) values (116, 35, 95, '09/13/2017', 1, 'elementum nullam varius nulla facilisi cras non velit nec nisi vulputate nonummy maecenas tincidunt lacus at', 85, 17, 8);
insert into reviews (id, user_id, product_id, date_submitted, rating, review, votes, helpfulness, shop_id) values (117, 94, 77, '04/07/2018', 2, 'augue vestibulum rutrum rutrum neque aenean auctor gravida sem praesent id massa id', 128, -93, 1);
insert into reviews (id, user_id, product_id, date_submitted, rating, review, votes, helpfulness, shop_id) values (118, 27, 71, '09/29/2017', 3, 'pede lobortis ligula sit amet eleifend pede libero quis orci nullam molestie nibh in lectus pellentesque at', 73, 36, 3);
insert into reviews (id, user_id, product_id, date_submitted, rating, review, votes, helpfulness, shop_id) values (119, 39, 19, '04/20/2018', 5, 'a odio in hac habitasse platea dictumst maecenas ut massa quis', 139, -17, 3);
insert into reviews (id, user_id, product_id, date_submitted, rating, review, votes, helpfulness, shop_id) values (120, 62, 74, '01/24/2018', 5, 'leo odio condimentum id luctus nec molestie sed justo pellentesque viverra pede ac diam cras pellentesque', 128, -5, 10);
insert into reviews (id, user_id, product_id, date_submitted, rating, review, votes, helpfulness, shop_id) values (121, 52, 58, '04/19/2018', 5, 'pretium quis lectus suspendisse potenti in eleifend quam a odio in hac habitasse platea dictumst maecenas ut massa', 73, -21, 2);
insert into reviews (id, user_id, product_id, date_submitted, rating, review, votes, helpfulness, shop_id) values (122, 69, 51, '11/11/2017', 2, 'viverra dapibus nulla suscipit ligula in lacus curabitur at ipsum ac tellus semper interdum mauris', 7, 6, 7);
insert into reviews (id, user_id, product_id, date_submitted, rating, review, votes, helpfulness, shop_id) values (123, 14, 7, '07/15/2017', 5, 'non quam nec dui luctus rutrum nulla tellus in sagittis dui vel nisl duis ac', 64, 7, 8);
insert into reviews (id, user_id, product_id, date_submitted, rating, review, votes, helpfulness, shop_id) values (124, 67, 45, '06/28/2017', 3, 'ut erat id mauris vulputate elementum nullam varius nulla facilisi cras', 123, 80, 3);
insert into reviews (id, user_id, product_id, date_submitted, rating, review, votes, helpfulness, shop_id) values (125, 29, 10, '11/08/2017', 5, 'nibh in quis justo maecenas rhoncus aliquam lacus morbi quis tortor id nulla ultrices aliquet maecenas', 34, 5, 1);
insert into reviews (id, user_id, product_id, date_submitted, rating, review, votes, helpfulness, shop_id) values (126, 81, 16, '03/02/2018', 2, 'morbi sem mauris laoreet ut rhoncus aliquet pulvinar sed nisl nunc rhoncus dui vel sem sed sagittis nam congue risus', 136, -38, 8);
insert into reviews (id, user_id, product_id, date_submitted, rating, review, votes, helpfulness, shop_id) values (127, 51, 45, '03/29/2018', 3, 'ultrices aliquet maecenas leo odio condimentum id luctus nec molestie sed justo pellentesque viverra pede', 82, -4, 5);
insert into reviews (id, user_id, product_id, date_submitted, rating, review, votes, helpfulness, shop_id) values (128, 73, 98, '02/17/2018', 2, 'nisl venenatis lacinia aenean sit amet justo morbi ut odio cras mi pede malesuada in', 15, 7, 5);
insert into reviews (id, user_id, product_id, date_submitted, rating, review, votes, helpfulness, shop_id) values (129, 7, 43, '11/24/2017', 3, 'morbi vestibulum velit id pretium iaculis diam erat fermentum justo nec condimentum neque sapien placerat ante nulla', 95, -71, 6);
insert into reviews (id, user_id, product_id, date_submitted, rating, review, votes, helpfulness, shop_id) values (130, 65, 46, '12/25/2017', 4, 'nulla facilisi cras non velit nec nisi vulputate nonummy maecenas tincidunt lacus at velit vivamus vel nulla eget', 72, 64, 4);
insert into reviews (id, user_id, product_id, date_submitted, rating, review, votes, helpfulness, shop_id) values (131, 77, 13, '10/21/2017', 4, 'dictumst aliquam augue quam sollicitudin vitae consectetuer eget rutrum at lorem integer tincidunt ante vel ipsum praesent blandit lacinia', 140, 63, 1);
insert into reviews (id, user_id, product_id, date_submitted, rating, review, votes, helpfulness, shop_id) values (132, 3, 67, '01/27/2018', 5, 'vivamus in felis eu sapien cursus vestibulum proin eu mi nulla ac enim in tempor turpis nec euismod scelerisque', 149, 141, 10);
insert into reviews (id, user_id, product_id, date_submitted, rating, review, votes, helpfulness, shop_id) values (133, 23, 94, '03/02/2018', 2, 'cursus id turpis integer aliquet massa id lobortis convallis tortor risus', 69, 57, 9);
insert into reviews (id, user_id, product_id, date_submitted, rating, review, votes, helpfulness, shop_id) values (134, 95, 41, '03/21/2018', 3, 'luctus et ultrices posuere cubilia curae mauris viverra diam vitae quam suspendisse potenti nullam', 59, 5, 8);
insert into reviews (id, user_id, product_id, date_submitted, rating, review, votes, helpfulness, shop_id) values (135, 42, 22, '09/02/2017', 4, 'nonummy integer non velit donec diam neque vestibulum eget vulputate ut ultrices vel augue vestibulum ante ipsum', 83, 52, 3);
insert into reviews (id, user_id, product_id, date_submitted, rating, review, votes, helpfulness, shop_id) values (136, 34, 1, '08/28/2017', 3, 'amet sapien dignissim vestibulum vestibulum ante ipsum primis in faucibus orci luctus et ultrices posuere cubilia curae', 109, -22, 4);
insert into reviews (id, user_id, product_id, date_submitted, rating, review, votes, helpfulness, shop_id) values (137, 81, 23, '12/11/2017', 1, 'nibh ligula nec sem duis aliquam convallis nunc proin at turpis', 116, 21, 10);
insert into reviews (id, user_id, product_id, date_submitted, rating, review, votes, helpfulness, shop_id) values (138, 21, 58, '12/05/2017', 4, 'ut erat curabitur gravida nisi at nibh in hac habitasse platea dictumst aliquam augue quam sollicitudin vitae consectetuer eget rutrum', 133, 58, 6);
insert into reviews (id, user_id, product_id, date_submitted, rating, review, votes, helpfulness, shop_id) values (139, 60, 98, '11/03/2017', 3, 'ante ipsum primis in faucibus orci luctus et ultrices posuere', 27, 3, 3);
insert into reviews (id, user_id, product_id, date_submitted, rating, review, votes, helpfulness, shop_id) values (140, 55, 59, '12/10/2017', 4, 'vitae mattis nibh ligula nec sem duis aliquam convallis nunc proin at turpis a pede posuere nonummy', 112, 108, 5);
insert into reviews (id, user_id, product_id, date_submitted, rating, review, votes, helpfulness, shop_id) values (141, 12, 15, '02/25/2018', 2, 'non pretium quis lectus suspendisse potenti in eleifend quam a odio in hac habitasse platea dictumst maecenas ut massa', 71, 34, 10);
insert into reviews (id, user_id, product_id, date_submitted, rating, review, votes, helpfulness, shop_id) values (142, 44, 99, '09/19/2017', 2, 'risus auctor sed tristique in tempus sit amet sem fusce', 109, -52, 9);
insert into reviews (id, user_id, product_id, date_submitted, rating, review, votes, helpfulness, shop_id) values (143, 11, 95, '11/23/2017', 3, 'suspendisse potenti in eleifend quam a odio in hac habitasse platea dictumst maecenas ut massa quis', 1, 0, 2);
insert into reviews (id, user_id, product_id, date_submitted, rating, review, votes, helpfulness, shop_id) values (144, 80, 40, '03/17/2018', 2, 'congue diam id ornare imperdiet sapien urna pretium nisl ut', 117, -102, 3);
insert into reviews (id, user_id, product_id, date_submitted, rating, review, votes, helpfulness, shop_id) values (145, 15, 40, '03/03/2018', 5, 'penatibus et magnis dis parturient montes nascetur ridiculus mus vivamus', 85, 21, 7);
insert into reviews (id, user_id, product_id, date_submitted, rating, review, votes, helpfulness, shop_id) values (146, 77, 1, '04/24/2018', 2, 'posuere cubilia curae nulla dapibus dolor vel est donec odio', 115, -72, 10);
insert into reviews (id, user_id, product_id, date_submitted, rating, review, votes, helpfulness, shop_id) values (147, 79, 48, '08/03/2017', 5, 'metus aenean fermentum donec ut mauris eget massa tempor convallis nulla', 60, 22, 4);
insert into reviews (id, user_id, product_id, date_submitted, rating, review, votes, helpfulness, shop_id) values (148, 33, 91, '10/22/2017', 3, 'adipiscing elit proin risus praesent lectus vestibulum quam sapien varius ut blandit non', 106, 34, 7);
insert into reviews (id, user_id, product_id, date_submitted, rating, review, votes, helpfulness, shop_id) values (149, 56, 47, '01/02/2018', 4, 'magna at nunc commodo placerat praesent blandit nam nulla integer', 55, 45, 6);
insert into reviews (id, user_id, product_id, date_submitted, rating, review, votes, helpfulness, shop_id) values (150, 6, 40, '09/30/2017', 2, 'vivamus metus arcu adipiscing molestie hendrerit at vulputate vitae nisl', 107, 84, 6);
insert into reviews (id, user_id, product_id, date_submitted, rating, review, votes, helpfulness, shop_id) values (151, 26, 55, '04/10/2018', 4, 'etiam vel augue vestibulum rutrum rutrum neque aenean auctor gravida sem praesent id massa id nisl venenatis lacinia', 113, -105, 10);
insert into reviews (id, user_id, product_id, date_submitted, rating, review, votes, helpfulness, shop_id) values (152, 66, 89, '01/07/2018', 2, 'vivamus vestibulum sagittis sapien cum sociis natoque penatibus et magnis dis parturient montes nascetur ridiculus mus etiam vel augue', 34, 9, 5);
insert into reviews (id, user_id, product_id, date_submitted, rating, review, votes, helpfulness, shop_id) values (153, 70, 23, '04/14/2018', 1, 'rutrum nulla nunc purus phasellus in felis donec semper sapien a libero nam dui proin leo odio porttitor id', 40, 29, 1);
insert into reviews (id, user_id, product_id, date_submitted, rating, review, votes, helpfulness, shop_id) values (154, 44, 13, '09/26/2017', 1, 'ante vivamus tortor duis mattis egestas metus aenean fermentum donec', 3, 0, 8);
insert into reviews (id, user_id, product_id, date_submitted, rating, review, votes, helpfulness, shop_id) values (155, 13, 74, '05/10/2018', 4, 'amet eros suspendisse accumsan tortor quis turpis sed ante vivamus tortor duis mattis egestas metus aenean fermentum donec ut', 101, 11, 9);
insert into reviews (id, user_id, product_id, date_submitted, rating, review, votes, helpfulness, shop_id) values (156, 21, 4, '08/10/2017', 5, 'amet diam in magna bibendum imperdiet nullam orci pede venenatis non sodales sed tincidunt eu felis fusce posuere felis', 95, -68, 6);
insert into reviews (id, user_id, product_id, date_submitted, rating, review, votes, helpfulness, shop_id) values (157, 7, 74, '09/24/2017', 1, 'morbi odio odio elementum eu interdum eu tincidunt in leo maecenas pulvinar lobortis est phasellus sit amet erat nulla tempus', 24, 20, 7);
insert into reviews (id, user_id, product_id, date_submitted, rating, review, votes, helpfulness, shop_id) values (158, 7, 97, '01/29/2018', 5, 'morbi non lectus aliquam sit amet diam in magna bibendum imperdiet nullam orci', 37, 12, 1);
insert into reviews (id, user_id, product_id, date_submitted, rating, review, votes, helpfulness, shop_id) values (159, 1, 57, '07/21/2017', 4, 'rutrum rutrum neque aenean auctor gravida sem praesent id massa id nisl venenatis lacinia aenean sit amet justo morbi ut', 7, 1, 6);
insert into reviews (id, user_id, product_id, date_submitted, rating, review, votes, helpfulness, shop_id) values (160, 10, 56, '08/07/2017', 5, 'in faucibus orci luctus et ultrices posuere cubilia curae duis faucibus accumsan odio curabitur', 111, -73, 6);
insert into reviews (id, user_id, product_id, date_submitted, rating, review, votes, helpfulness, shop_id) values (161, 49, 71, '02/24/2018', 5, 'ullamcorper purus sit amet nulla quisque arcu libero rutrum ac lobortis vel dapibus at diam nam tristique tortor', 66, -5, 4);
insert into reviews (id, user_id, product_id, date_submitted, rating, review, votes, helpfulness, shop_id) values (162, 46, 74, '09/29/2017', 1, 'blandit lacinia erat vestibulum sed magna at nunc commodo placerat praesent', 45, 32, 4);
insert into reviews (id, user_id, product_id, date_submitted, rating, review, votes, helpfulness, shop_id) values (163, 65, 8, '09/15/2017', 4, 'hac habitasse platea dictumst maecenas ut massa quis augue luctus tincidunt nulla mollis molestie lorem quisque ut', 63, 56, 7);
insert into reviews (id, user_id, product_id, date_submitted, rating, review, votes, helpfulness, shop_id) values (164, 86, 97, '10/15/2017', 3, 'nam nulla integer pede justo lacinia eget tincidunt eget tempus vel pede morbi porttitor lorem id ligula', 47, 5, 1);
insert into reviews (id, user_id, product_id, date_submitted, rating, review, votes, helpfulness, shop_id) values (165, 31, 82, '05/04/2018', 5, 'vulputate ut ultrices vel augue vestibulum ante ipsum primis in faucibus orci luctus et ultrices posuere cubilia', 58, 26, 2);
insert into reviews (id, user_id, product_id, date_submitted, rating, review, votes, helpfulness, shop_id) values (166, 86, 51, '12/15/2017', 5, 'nisi vulputate nonummy maecenas tincidunt lacus at velit vivamus vel nulla eget eros elementum', 29, 13, 9);
insert into reviews (id, user_id, product_id, date_submitted, rating, review, votes, helpfulness, shop_id) values (167, 51, 54, '08/12/2017', 1, 'rutrum nulla nunc purus phasellus in felis donec semper sapien a libero nam dui proin leo', 97, 28, 3);
insert into reviews (id, user_id, product_id, date_submitted, rating, review, votes, helpfulness, shop_id) values (168, 7, 95, '08/12/2017', 3, 'augue vestibulum ante ipsum primis in faucibus orci luctus et ultrices posuere cubilia', 40, 26, 7);
insert into reviews (id, user_id, product_id, date_submitted, rating, review, votes, helpfulness, shop_id) values (169, 29, 50, '07/26/2017', 3, 'donec semper sapien a libero nam dui proin leo odio porttitor id consequat in consequat', 68, -16, 4);
insert into reviews (id, user_id, product_id, date_submitted, rating, review, votes, helpfulness, shop_id) values (170, 22, 31, '08/10/2017', 3, 'potenti cras in purus eu magna vulputate luctus cum sociis natoque', 81, 71, 2);
insert into reviews (id, user_id, product_id, date_submitted, rating, review, votes, helpfulness, shop_id) values (171, 85, 72, '02/09/2018', 2, 'justo morbi ut odio cras mi pede malesuada in imperdiet', 109, 70, 8);
insert into reviews (id, user_id, product_id, date_submitted, rating, review, votes, helpfulness, shop_id) values (172, 33, 65, '08/05/2017', 2, 'elit sodales scelerisque mauris sit amet eros suspendisse accumsan tortor', 73, -31, 2);
insert into reviews (id, user_id, product_id, date_submitted, rating, review, votes, helpfulness, shop_id) values (173, 5, 76, '03/28/2018', 2, 'id ornare imperdiet sapien urna pretium nisl ut volutpat sapien arcu', 97, 28, 8);
insert into reviews (id, user_id, product_id, date_submitted, rating, review, votes, helpfulness, shop_id) values (174, 98, 56, '03/24/2018', 3, 'cursus vestibulum proin eu mi nulla ac enim in tempor turpis nec euismod scelerisque quam turpis adipiscing lorem', 10, 9, 5);
insert into reviews (id, user_id, product_id, date_submitted, rating, review, votes, helpfulness, shop_id) values (175, 93, 33, '10/25/2017', 4, 'nibh in quis justo maecenas rhoncus aliquam lacus morbi quis tortor id nulla ultrices aliquet maecenas leo odio', 15, 3, 10);
insert into reviews (id, user_id, product_id, date_submitted, rating, review, votes, helpfulness, shop_id) values (176, 79, 97, '12/06/2017', 3, 'bibendum felis sed interdum venenatis turpis enim blandit mi in porttitor', 133, -83, 6);
insert into reviews (id, user_id, product_id, date_submitted, rating, review, votes, helpfulness, shop_id) values (177, 96, 87, '09/11/2017', 4, 'quis orci nullam molestie nibh in lectus pellentesque at nulla suspendisse potenti cras in purus eu magna', 45, 17, 10);
insert into reviews (id, user_id, product_id, date_submitted, rating, review, votes, helpfulness, shop_id) values (178, 18, 47, '04/01/2018', 1, 'lorem vitae mattis nibh ligula nec sem duis aliquam convallis nunc proin at turpis', 108, 38, 5);
insert into reviews (id, user_id, product_id, date_submitted, rating, review, votes, helpfulness, shop_id) values (179, 74, 88, '03/27/2018', 5, 'libero nam dui proin leo odio porttitor id consequat in consequat ut nulla', 70, 65, 3);
insert into reviews (id, user_id, product_id, date_submitted, rating, review, votes, helpfulness, shop_id) values (180, 73, 67, '09/08/2017', 5, 'leo odio porttitor id consequat in consequat ut nulla sed accumsan felis ut at dolor quis odio consequat', 111, 24, 9);
insert into reviews (id, user_id, product_id, date_submitted, rating, review, votes, helpfulness, shop_id) values (181, 77, 75, '03/09/2018', 1, 'ultrices posuere cubilia curae nulla dapibus dolor vel est donec odio justo sollicitudin ut suscipit', 63, 8, 6);
insert into reviews (id, user_id, product_id, date_submitted, rating, review, votes, helpfulness, shop_id) values (182, 37, 38, '08/07/2017', 4, 'quis odio consequat varius integer ac leo pellentesque ultrices mattis odio donec vitae nisi nam ultrices libero non mattis pulvinar', 74, 63, 2);
insert into reviews (id, user_id, product_id, date_submitted, rating, review, votes, helpfulness, shop_id) values (183, 49, 80, '03/09/2018', 3, 'at nibh in hac habitasse platea dictumst aliquam augue quam sollicitudin vitae consectetuer eget rutrum at lorem integer', 149, 20, 1);
insert into reviews (id, user_id, product_id, date_submitted, rating, review, votes, helpfulness, shop_id) values (184, 6, 32, '04/18/2018', 1, 'curabitur convallis duis consequat dui nec nisi volutpat eleifend donec ut dolor', 56, -1, 7);
insert into reviews (id, user_id, product_id, date_submitted, rating, review, votes, helpfulness, shop_id) values (185, 13, 96, '12/17/2017', 3, 'eget tincidunt eget tempus vel pede morbi porttitor lorem id ligula suspendisse', 124, 58, 2);
insert into reviews (id, user_id, product_id, date_submitted, rating, review, votes, helpfulness, shop_id) values (186, 58, 73, '06/25/2017', 5, 'dictumst maecenas ut massa quis augue luctus tincidunt nulla mollis molestie lorem quisque ut erat curabitur', 146, 77, 5);
insert into reviews (id, user_id, product_id, date_submitted, rating, review, votes, helpfulness, shop_id) values (187, 38, 69, '03/24/2018', 2, 'sed tincidunt eu felis fusce posuere felis sed lacus morbi sem mauris laoreet ut rhoncus aliquet pulvinar', 123, -116, 10);
insert into reviews (id, user_id, product_id, date_submitted, rating, review, votes, helpfulness, shop_id) values (188, 76, 59, '10/02/2017', 4, 'volutpat dui maecenas tristique est et tempus semper est quam pharetra magna ac', 104, 43, 10);
insert into reviews (id, user_id, product_id, date_submitted, rating, review, votes, helpfulness, shop_id) values (189, 2, 83, '08/06/2017', 5, 'iaculis congue vivamus metus arcu adipiscing molestie hendrerit at vulputate', 131, 30, 5);
insert into reviews (id, user_id, product_id, date_submitted, rating, review, votes, helpfulness, shop_id) values (190, 100, 58, '08/27/2017', 1, 'eu interdum eu tincidunt in leo maecenas pulvinar lobortis est phasellus', 107, 84, 7);
insert into reviews (id, user_id, product_id, date_submitted, rating, review, votes, helpfulness, shop_id) values (191, 99, 58, '11/26/2017', 2, 'et ultrices posuere cubilia curae mauris viverra diam vitae quam suspendisse potenti nullam', 100, 67, 1);
insert into reviews (id, user_id, product_id, date_submitted, rating, review, votes, helpfulness, shop_id) values (192, 98, 28, '08/20/2017', 2, 'vehicula condimentum curabitur in libero ut massa volutpat convallis morbi odio odio elementum eu interdum eu tincidunt', 99, -6, 5);
insert into reviews (id, user_id, product_id, date_submitted, rating, review, votes, helpfulness, shop_id) values (193, 100, 71, '07/29/2017', 3, 'quis lectus suspendisse potenti in eleifend quam a odio in hac habitasse', 58, 27, 8);
insert into reviews (id, user_id, product_id, date_submitted, rating, review, votes, helpfulness, shop_id) values (194, 43, 47, '01/25/2018', 5, 'libero convallis eget eleifend luctus ultricies eu nibh quisque id justo sit amet sapien dignissim vestibulum', 32, -31, 2);
insert into reviews (id, user_id, product_id, date_submitted, rating, review, votes, helpfulness, shop_id) values (195, 57, 85, '07/05/2017', 2, 'volutpat eleifend donec ut dolor morbi vel lectus in quam fringilla rhoncus mauris enim', 138, -92, 10);
insert into reviews (id, user_id, product_id, date_submitted, rating, review, votes, helpfulness, shop_id) values (196, 20, 16, '03/08/2018', 3, 'ipsum dolor sit amet consectetuer adipiscing elit proin interdum mauris non ligula pellentesque ultrices phasellus id sapien in sapien iaculis', 46, 6, 7);
insert into reviews (id, user_id, product_id, date_submitted, rating, review, votes, helpfulness, shop_id) values (197, 30, 67, '03/28/2018', 2, 'rutrum at lorem integer tincidunt ante vel ipsum praesent blandit lacinia erat vestibulum sed magna at nunc commodo placerat', 63, 7, 5);
insert into reviews (id, user_id, product_id, date_submitted, rating, review, votes, helpfulness, shop_id) values (198, 21, 48, '03/08/2018', 2, 'morbi sem mauris laoreet ut rhoncus aliquet pulvinar sed nisl nunc rhoncus dui vel sem sed sagittis', 88, 5, 1);
insert into reviews (id, user_id, product_id, date_submitted, rating, review, votes, helpfulness, shop_id) values (199, 25, 36, '03/26/2018', 3, 'viverra pede ac diam cras pellentesque volutpat dui maecenas tristique est et tempus semper est quam', 80, 62, 3);
insert into reviews (id, user_id, product_id, date_submitted, rating, review, votes, helpfulness, shop_id) values (200, 10, 22, '09/16/2017', 2, 'pede justo lacinia eget tincidunt eget tempus vel pede morbi porttitor lorem id', 39, -12, 5);
insert into reviews (id, user_id, product_id, date_submitted, rating, review, votes, helpfulness, shop_id) values (201, 76, 61, '07/09/2017', 4, 'turpis elementum ligula vehicula consequat morbi a ipsum integer a nibh in', 103, 7, 9);
insert into reviews (id, user_id, product_id, date_submitted, rating, review, votes, helpfulness, shop_id) values (202, 29, 89, '07/16/2017', 4, 'massa id nisl venenatis lacinia aenean sit amet justo morbi ut odio cras mi pede malesuada in imperdiet', 88, 17, 3);
insert into reviews (id, user_id, product_id, date_submitted, rating, review, votes, helpfulness, shop_id) values (203, 25, 18, '05/11/2018', 2, 'elit proin risus praesent lectus vestibulum quam sapien varius ut blandit non', 21, 15, 5);
insert into reviews (id, user_id, product_id, date_submitted, rating, review, votes, helpfulness, shop_id) values (204, 86, 50, '02/01/2018', 1, 'mattis nibh ligula nec sem duis aliquam convallis nunc proin at turpis a pede posuere nonummy integer non velit donec', 109, 41, 6);
insert into reviews (id, user_id, product_id, date_submitted, rating, review, votes, helpfulness, shop_id) values (205, 68, 79, '02/23/2018', 3, 'convallis nulla neque libero convallis eget eleifend luctus ultricies eu nibh quisque id justo', 136, -20, 6);
insert into reviews (id, user_id, product_id, date_submitted, rating, review, votes, helpfulness, shop_id) values (206, 6, 38, '11/17/2017', 1, 'tincidunt eu felis fusce posuere felis sed lacus morbi sem', 22, 12, 10);
insert into reviews (id, user_id, product_id, date_submitted, rating, review, votes, helpfulness, shop_id) values (207, 94, 67, '10/11/2017', 3, 'magna vulputate luctus cum sociis natoque penatibus et magnis dis parturient montes nascetur ridiculus mus vivamus vestibulum sagittis sapien cum', 33, 13, 6);
insert into reviews (id, user_id, product_id, date_submitted, rating, review, votes, helpfulness, shop_id) values (208, 74, 40, '10/31/2017', 5, 'cursus urna ut tellus nulla ut erat id mauris vulputate elementum nullam varius nulla facilisi cras non velit', 58, 57, 10);
insert into reviews (id, user_id, product_id, date_submitted, rating, review, votes, helpfulness, shop_id) values (209, 43, 90, '05/15/2018', 3, 'metus vitae ipsum aliquam non mauris morbi non lectus aliquam sit amet diam in magna', 106, -35, 2);
insert into reviews (id, user_id, product_id, date_submitted, rating, review, votes, helpfulness, shop_id) values (210, 37, 33, '05/23/2018', 2, 'habitasse platea dictumst aliquam augue quam sollicitudin vitae consectetuer eget rutrum at lorem integer tincidunt ante vel ipsum', 86, 0, 9);
insert into reviews (id, user_id, product_id, date_submitted, rating, review, votes, helpfulness, shop_id) values (211, 1, 18, '02/02/2018', 2, 'risus dapibus augue vel accumsan tellus nisi eu orci mauris lacinia sapien quis libero nullam sit amet turpis', 105, 85, 8);
insert into reviews (id, user_id, product_id, date_submitted, rating, review, votes, helpfulness, shop_id) values (212, 94, 35, '08/09/2017', 3, 'vel augue vestibulum ante ipsum primis in faucibus orci luctus et ultrices posuere cubilia curae donec pharetra', 125, 39, 8);
insert into reviews (id, user_id, product_id, date_submitted, rating, review, votes, helpfulness, shop_id) values (213, 89, 84, '01/15/2018', 3, 'justo sollicitudin ut suscipit a feugiat et eros vestibulum ac est', 120, -82, 3);
insert into reviews (id, user_id, product_id, date_submitted, rating, review, votes, helpfulness, shop_id) values (214, 43, 15, '02/02/2018', 3, 'morbi sem mauris laoreet ut rhoncus aliquet pulvinar sed nisl nunc rhoncus dui vel sem sed', 72, 17, 5);
insert into reviews (id, user_id, product_id, date_submitted, rating, review, votes, helpfulness, shop_id) values (215, 49, 74, '06/11/2017', 2, 'amet sem fusce consequat nulla nisl nunc nisl duis bibendum felis sed interdum venenatis turpis enim blandit mi in', 70, 8, 8);
insert into reviews (id, user_id, product_id, date_submitted, rating, review, votes, helpfulness, shop_id) values (216, 93, 54, '08/16/2017', 4, 'nec dui luctus rutrum nulla tellus in sagittis dui vel nisl duis ac nibh fusce lacus purus aliquet at', 127, 56, 9);
insert into reviews (id, user_id, product_id, date_submitted, rating, review, votes, helpfulness, shop_id) values (217, 52, 83, '07/13/2017', 5, 'lectus in quam fringilla rhoncus mauris enim leo rhoncus sed vestibulum sit amet cursus id', 145, -119, 9);
insert into reviews (id, user_id, product_id, date_submitted, rating, review, votes, helpfulness, shop_id) values (218, 9, 31, '02/05/2018', 2, 'lacus curabitur at ipsum ac tellus semper interdum mauris ullamcorper purus sit amet nulla quisque arcu libero rutrum', 3, 0, 8);
insert into reviews (id, user_id, product_id, date_submitted, rating, review, votes, helpfulness, shop_id) values (219, 62, 9, '07/25/2017', 1, 'elementum in hac habitasse platea dictumst morbi vestibulum velit id pretium iaculis diam erat fermentum justo nec condimentum', 51, 26, 3);
insert into reviews (id, user_id, product_id, date_submitted, rating, review, votes, helpfulness, shop_id) values (220, 89, 27, '07/18/2017', 4, 'vestibulum ante ipsum primis in faucibus orci luctus et ultrices', 144, -42, 1);
insert into reviews (id, user_id, product_id, date_submitted, rating, review, votes, helpfulness, shop_id) values (221, 89, 57, '04/18/2018', 1, 'proin interdum mauris non ligula pellentesque ultrices phasellus id sapien in sapien iaculis congue vivamus metus arcu', 98, -32, 7);
insert into reviews (id, user_id, product_id, date_submitted, rating, review, votes, helpfulness, shop_id) values (222, 91, 73, '02/26/2018', 5, 'non quam nec dui luctus rutrum nulla tellus in sagittis dui vel nisl duis ac nibh fusce', 21, 12, 5);
insert into reviews (id, user_id, product_id, date_submitted, rating, review, votes, helpfulness, shop_id) values (223, 81, 92, '01/09/2018', 5, 'fermentum donec ut mauris eget massa tempor convallis nulla neque libero convallis', 124, -33, 9);
insert into reviews (id, user_id, product_id, date_submitted, rating, review, votes, helpfulness, shop_id) values (224, 37, 55, '02/09/2018', 4, 'massa donec dapibus duis at velit eu est congue elementum in hac habitasse platea dictumst', 130, -6, 3);
insert into reviews (id, user_id, product_id, date_submitted, rating, review, votes, helpfulness, shop_id) values (225, 4, 24, '10/26/2017', 5, 'consequat in consequat ut nulla sed accumsan felis ut at dolor quis', 88, 67, 8);
insert into reviews (id, user_id, product_id, date_submitted, rating, review, votes, helpfulness, shop_id) values (226, 13, 42, '12/05/2017', 1, 'eget tincidunt eget tempus vel pede morbi porttitor lorem id ligula suspendisse ornare consequat lectus in est risus auctor sed', 138, -110, 4);
insert into reviews (id, user_id, product_id, date_submitted, rating, review, votes, helpfulness, shop_id) values (227, 22, 75, '06/05/2017', 2, 'rhoncus aliquet pulvinar sed nisl nunc rhoncus dui vel sem', 56, 6, 2);
insert into reviews (id, user_id, product_id, date_submitted, rating, review, votes, helpfulness, shop_id) values (228, 44, 93, '05/30/2018', 5, 'luctus nec molestie sed justo pellentesque viverra pede ac diam cras', 97, -44, 5);
insert into reviews (id, user_id, product_id, date_submitted, rating, review, votes, helpfulness, shop_id) values (229, 20, 84, '06/25/2017', 4, 'at turpis donec posuere metus vitae ipsum aliquam non mauris morbi non lectus aliquam', 100, 49, 6);
insert into reviews (id, user_id, product_id, date_submitted, rating, review, votes, helpfulness, shop_id) values (230, 46, 21, '11/09/2017', 1, 'mi sit amet lobortis sapien sapien non mi integer ac neque', 133, 11, 5);
insert into reviews (id, user_id, product_id, date_submitted, rating, review, votes, helpfulness, shop_id) values (231, 44, 43, '09/22/2017', 2, 'amet nunc viverra dapibus nulla suscipit ligula in lacus curabitur at ipsum ac tellus semper interdum mauris ullamcorper purus', 98, -33, 1);
insert into reviews (id, user_id, product_id, date_submitted, rating, review, votes, helpfulness, shop_id) values (232, 18, 6, '04/14/2018', 1, 'libero convallis eget eleifend luctus ultricies eu nibh quisque id justo sit amet sapien dignissim vestibulum', 93, -23, 7);
insert into reviews (id, user_id, product_id, date_submitted, rating, review, votes, helpfulness, shop_id) values (233, 8, 7, '02/08/2018', 3, 'in libero ut massa volutpat convallis morbi odio odio elementum eu interdum eu', 124, -50, 6);
insert into reviews (id, user_id, product_id, date_submitted, rating, review, votes, helpfulness, shop_id) values (234, 50, 8, '05/19/2018', 4, 'aliquam lacus morbi quis tortor id nulla ultrices aliquet maecenas leo odio condimentum id', 94, 53, 1);
insert into reviews (id, user_id, product_id, date_submitted, rating, review, votes, helpfulness, shop_id) values (235, 86, 6, '03/21/2018', 1, 'non ligula pellentesque ultrices phasellus id sapien in sapien iaculis congue vivamus', 40, 11, 1);
insert into reviews (id, user_id, product_id, date_submitted, rating, review, votes, helpfulness, shop_id) values (236, 26, 96, '04/22/2018', 1, 'eu felis fusce posuere felis sed lacus morbi sem mauris laoreet', 86, -56, 7);
insert into reviews (id, user_id, product_id, date_submitted, rating, review, votes, helpfulness, shop_id) values (237, 91, 58, '07/07/2017', 4, 'purus phasellus in felis donec semper sapien a libero nam dui proin leo odio porttitor id', 74, -27, 5);
insert into reviews (id, user_id, product_id, date_submitted, rating, review, votes, helpfulness, shop_id) values (238, 91, 37, '05/29/2018', 1, 'sed accumsan felis ut at dolor quis odio consequat varius integer ac leo pellentesque ultrices', 95, 12, 6);
insert into reviews (id, user_id, product_id, date_submitted, rating, review, votes, helpfulness, shop_id) values (239, 17, 91, '08/03/2017', 5, 'convallis eget eleifend luctus ultricies eu nibh quisque id justo sit amet', 5, 1, 8);
insert into reviews (id, user_id, product_id, date_submitted, rating, review, votes, helpfulness, shop_id) values (240, 20, 27, '04/02/2018', 4, 'proin risus praesent lectus vestibulum quam sapien varius ut blandit non interdum in ante vestibulum ante', 97, -74, 1);
insert into reviews (id, user_id, product_id, date_submitted, rating, review, votes, helpfulness, shop_id) values (241, 21, 82, '11/12/2017', 5, 'nulla nunc purus phasellus in felis donec semper sapien a', 41, 11, 3);
insert into reviews (id, user_id, product_id, date_submitted, rating, review, votes, helpfulness, shop_id) values (242, 59, 64, '01/08/2018', 5, 'sed sagittis nam congue risus semper porta volutpat quam pede lobortis ligula sit amet eleifend pede libero quis orci', 78, 15, 4);
insert into reviews (id, user_id, product_id, date_submitted, rating, review, votes, helpfulness, shop_id) values (243, 2, 21, '05/14/2018', 1, 'tincidunt eget tempus vel pede morbi porttitor lorem id ligula suspendisse ornare consequat lectus', 27, 0, 8);
insert into reviews (id, user_id, product_id, date_submitted, rating, review, votes, helpfulness, shop_id) values (244, 61, 42, '06/01/2017', 5, 'nisl nunc nisl duis bibendum felis sed interdum venenatis turpis enim blandit mi in porttitor pede', 52, 46, 6);
insert into reviews (id, user_id, product_id, date_submitted, rating, review, votes, helpfulness, shop_id) values (245, 74, 72, '09/02/2017', 3, 'mus vivamus vestibulum sagittis sapien cum sociis natoque penatibus et', 132, 83, 9);
insert into reviews (id, user_id, product_id, date_submitted, rating, review, votes, helpfulness, shop_id) values (246, 13, 14, '06/30/2017', 1, 'nulla mollis molestie lorem quisque ut erat curabitur gravida nisi at nibh in', 25, 10, 7);
insert into reviews (id, user_id, product_id, date_submitted, rating, review, votes, helpfulness, shop_id) values (247, 56, 21, '11/25/2017', 1, 'convallis duis consequat dui nec nisi volutpat eleifend donec ut dolor morbi vel lectus in quam fringilla rhoncus mauris', 131, -12, 10);
insert into reviews (id, user_id, product_id, date_submitted, rating, review, votes, helpfulness, shop_id) values (248, 21, 55, '06/09/2017', 5, 'ut ultrices vel augue vestibulum ante ipsum primis in faucibus orci luctus et ultrices posuere cubilia curae donec pharetra magna', 23, 6, 6);
insert into reviews (id, user_id, product_id, date_submitted, rating, review, votes, helpfulness, shop_id) values (249, 50, 91, '03/11/2018', 2, 'et ultrices posuere cubilia curae donec pharetra magna vestibulum aliquet', 9, 1, 1);
insert into reviews (id, user_id, product_id, date_submitted, rating, review, votes, helpfulness, shop_id) values (250, 84, 34, '09/29/2017', 5, 'volutpat sapien arcu sed augue aliquam erat volutpat in congue etiam justo etiam pretium iaculis justo', 132, -45, 9);
insert into reviews (id, user_id, product_id, date_submitted, rating, review, votes, helpfulness, shop_id) values (251, 38, 6, '01/27/2018', 5, 'velit donec diam neque vestibulum eget vulputate ut ultrices vel augue vestibulum ante ipsum primis in faucibus orci luctus', 41, 30, 2);
insert into reviews (id, user_id, product_id, date_submitted, rating, review, votes, helpfulness, shop_id) values (252, 76, 36, '10/10/2017', 1, 'urna pretium nisl ut volutpat sapien arcu sed augue aliquam', 114, 86, 5);
insert into reviews (id, user_id, product_id, date_submitted, rating, review, votes, helpfulness, shop_id) values (253, 13, 29, '01/16/2018', 1, 'lorem id ligula suspendisse ornare consequat lectus in est risus auctor sed tristique in tempus sit amet sem fusce consequat', 92, 41, 9);
insert into reviews (id, user_id, product_id, date_submitted, rating, review, votes, helpfulness, shop_id) values (254, 66, 25, '05/16/2018', 5, 'proin leo odio porttitor id consequat in consequat ut nulla', 95, -39, 1);
insert into reviews (id, user_id, product_id, date_submitted, rating, review, votes, helpfulness, shop_id) values (255, 61, 24, '12/28/2017', 1, 'at lorem integer tincidunt ante vel ipsum praesent blandit lacinia', 29, 13, 5);
insert into reviews (id, user_id, product_id, date_submitted, rating, review, votes, helpfulness, shop_id) values (256, 31, 28, '07/29/2017', 4, 'leo maecenas pulvinar lobortis est phasellus sit amet erat nulla tempus', 87, -78, 6);
insert into reviews (id, user_id, product_id, date_submitted, rating, review, votes, helpfulness, shop_id) values (257, 93, 31, '08/23/2017', 3, 'curabitur gravida nisi at nibh in hac habitasse platea dictumst aliquam augue quam sollicitudin vitae consectetuer eget rutrum at', 102, -18, 9);
insert into reviews (id, user_id, product_id, date_submitted, rating, review, votes, helpfulness, shop_id) values (258, 59, 37, '09/26/2017', 4, 'diam vitae quam suspendisse potenti nullam porttitor lacus at turpis donec posuere metus vitae ipsum aliquam non', 94, 17, 6);
insert into reviews (id, user_id, product_id, date_submitted, rating, review, votes, helpfulness, shop_id) values (259, 32, 71, '07/05/2017', 1, 'vestibulum rutrum rutrum neque aenean auctor gravida sem praesent id massa id nisl venenatis lacinia aenean', 8, 0, 10);
insert into reviews (id, user_id, product_id, date_submitted, rating, review, votes, helpfulness, shop_id) values (260, 73, 19, '02/01/2018', 3, 'nisl venenatis lacinia aenean sit amet justo morbi ut odio', 112, -89, 10);
insert into reviews (id, user_id, product_id, date_submitted, rating, review, votes, helpfulness, shop_id) values (261, 15, 1, '07/31/2017', 1, 'ante vel ipsum praesent blandit lacinia erat vestibulum sed magna at nunc commodo placerat praesent blandit', 70, 29, 10);
insert into reviews (id, user_id, product_id, date_submitted, rating, review, votes, helpfulness, shop_id) values (262, 53, 68, '05/29/2018', 4, 'ante vestibulum ante ipsum primis in faucibus orci luctus et ultrices posuere', 40, 37, 9);
insert into reviews (id, user_id, product_id, date_submitted, rating, review, votes, helpfulness, shop_id) values (263, 79, 75, '10/08/2017', 2, 'nulla mollis molestie lorem quisque ut erat curabitur gravida nisi at', 136, 11, 8);
insert into reviews (id, user_id, product_id, date_submitted, rating, review, votes, helpfulness, shop_id) values (264, 90, 90, '06/16/2017', 4, 'arcu sed augue aliquam erat volutpat in congue etiam justo etiam pretium iaculis', 97, -94, 7);
insert into reviews (id, user_id, product_id, date_submitted, rating, review, votes, helpfulness, shop_id) values (265, 55, 7, '06/28/2017', 2, 'lorem vitae mattis nibh ligula nec sem duis aliquam convallis nunc proin at turpis a pede posuere nonummy integer', 76, 74, 6);
insert into reviews (id, user_id, product_id, date_submitted, rating, review, votes, helpfulness, shop_id) values (266, 59, 75, '04/02/2018', 5, 'duis aliquam convallis nunc proin at turpis a pede posuere nonummy integer non', 138, 86, 4);
insert into reviews (id, user_id, product_id, date_submitted, rating, review, votes, helpfulness, shop_id) values (267, 18, 50, '05/12/2018', 3, 'ultrices posuere cubilia curae donec pharetra magna vestibulum aliquet ultrices erat tortor sollicitudin', 111, 74, 6);
insert into reviews (id, user_id, product_id, date_submitted, rating, review, votes, helpfulness, shop_id) values (268, 18, 27, '03/04/2018', 1, 'lorem id ligula suspendisse ornare consequat lectus in est risus auctor sed tristique in', 64, 44, 6);
insert into reviews (id, user_id, product_id, date_submitted, rating, review, votes, helpfulness, shop_id) values (269, 42, 78, '08/29/2017', 2, 'donec pharetra magna vestibulum aliquet ultrices erat tortor sollicitudin mi', 123, 86, 10);
insert into reviews (id, user_id, product_id, date_submitted, rating, review, votes, helpfulness, shop_id) values (270, 44, 72, '11/07/2017', 1, 'turpis enim blandit mi in porttitor pede justo eu massa donec dapibus duis', 115, 91, 10);
insert into reviews (id, user_id, product_id, date_submitted, rating, review, votes, helpfulness, shop_id) values (271, 16, 18, '10/30/2017', 3, 'et commodo vulputate justo in blandit ultrices enim lorem ipsum dolor sit amet consectetuer adipiscing elit proin', 124, -10, 1);
insert into reviews (id, user_id, product_id, date_submitted, rating, review, votes, helpfulness, shop_id) values (272, 61, 93, '02/10/2018', 4, 'non quam nec dui luctus rutrum nulla tellus in sagittis dui vel nisl duis ac nibh fusce lacus', 128, 22, 8);
insert into reviews (id, user_id, product_id, date_submitted, rating, review, votes, helpfulness, shop_id) values (273, 85, 47, '07/01/2017', 4, 'id justo sit amet sapien dignissim vestibulum vestibulum ante ipsum primis in', 100, -5, 10);
insert into reviews (id, user_id, product_id, date_submitted, rating, review, votes, helpfulness, shop_id) values (274, 73, 90, '09/01/2017', 2, 'sit amet justo morbi ut odio cras mi pede malesuada in imperdiet et', 112, 93, 8);
insert into reviews (id, user_id, product_id, date_submitted, rating, review, votes, helpfulness, shop_id) values (275, 17, 16, '04/13/2018', 2, 'suscipit nulla elit ac nulla sed vel enim sit amet nunc viverra dapibus nulla suscipit ligula', 119, 108, 10);
insert into reviews (id, user_id, product_id, date_submitted, rating, review, votes, helpfulness, shop_id) values (276, 2, 82, '05/09/2018', 1, 'rutrum at lorem integer tincidunt ante vel ipsum praesent blandit lacinia erat vestibulum sed magna at nunc commodo placerat praesent', 75, 72, 8);
insert into reviews (id, user_id, product_id, date_submitted, rating, review, votes, helpfulness, shop_id) values (277, 59, 72, '06/09/2017', 3, 'nisi vulputate nonummy maecenas tincidunt lacus at velit vivamus vel nulla eget eros elementum', 38, -5, 5);
insert into reviews (id, user_id, product_id, date_submitted, rating, review, votes, helpfulness, shop_id) values (278, 23, 99, '04/03/2018', 4, 'nulla sed vel enim sit amet nunc viverra dapibus nulla suscipit ligula in lacus curabitur at', 10, 7, 4);
insert into reviews (id, user_id, product_id, date_submitted, rating, review, votes, helpfulness, shop_id) values (279, 26, 44, '03/13/2018', 1, 'ligula pellentesque ultrices phasellus id sapien in sapien iaculis congue vivamus metus arcu adipiscing molestie hendrerit at vulputate vitae', 9, 7, 9);
insert into reviews (id, user_id, product_id, date_submitted, rating, review, votes, helpfulness, shop_id) values (280, 63, 70, '02/27/2018', 4, 'erat id mauris vulputate elementum nullam varius nulla facilisi cras non velit nec nisi vulputate nonummy maecenas', 147, 4, 1);
insert into reviews (id, user_id, product_id, date_submitted, rating, review, votes, helpfulness, shop_id) values (281, 19, 66, '12/02/2017', 1, 'eu nibh quisque id justo sit amet sapien dignissim vestibulum vestibulum ante ipsum primis', 105, -90, 9);
insert into reviews (id, user_id, product_id, date_submitted, rating, review, votes, helpfulness, shop_id) values (282, 70, 47, '08/26/2017', 3, 'eleifend donec ut dolor morbi vel lectus in quam fringilla rhoncus mauris enim leo rhoncus sed vestibulum sit', 95, -20, 9);
insert into reviews (id, user_id, product_id, date_submitted, rating, review, votes, helpfulness, shop_id) values (283, 8, 7, '09/25/2017', 2, 'primis in faucibus orci luctus et ultrices posuere cubilia curae nulla dapibus dolor vel est donec odio justo sollicitudin', 93, 70, 10);
insert into reviews (id, user_id, product_id, date_submitted, rating, review, votes, helpfulness, shop_id) values (284, 14, 30, '05/11/2018', 5, 'pulvinar sed nisl nunc rhoncus dui vel sem sed sagittis nam congue risus semper porta volutpat quam pede lobortis ligula', 42, 32, 9);
insert into reviews (id, user_id, product_id, date_submitted, rating, review, votes, helpfulness, shop_id) values (285, 84, 13, '08/07/2017', 1, 'augue aliquam erat volutpat in congue etiam justo etiam pretium iaculis justo in hac habitasse platea dictumst etiam faucibus', 84, -3, 10);
insert into reviews (id, user_id, product_id, date_submitted, rating, review, votes, helpfulness, shop_id) values (286, 90, 19, '01/22/2018', 1, 'non pretium quis lectus suspendisse potenti in eleifend quam a odio in hac habitasse platea dictumst maecenas ut', 37, 14, 3);
insert into reviews (id, user_id, product_id, date_submitted, rating, review, votes, helpfulness, shop_id) values (287, 52, 96, '07/27/2017', 1, 'ante vel ipsum praesent blandit lacinia erat vestibulum sed magna at nunc commodo placerat praesent blandit nam nulla integer', 114, -16, 7);
insert into reviews (id, user_id, product_id, date_submitted, rating, review, votes, helpfulness, shop_id) values (288, 46, 57, '05/20/2018', 1, 'convallis morbi odio odio elementum eu interdum eu tincidunt in leo maecenas pulvinar lobortis est phasellus sit', 44, 2, 2);
insert into reviews (id, user_id, product_id, date_submitted, rating, review, votes, helpfulness, shop_id) values (289, 91, 17, '12/11/2017', 4, 'sapien in sapien iaculis congue vivamus metus arcu adipiscing molestie hendrerit at vulputate vitae nisl aenean', 100, -58, 1);
insert into reviews (id, user_id, product_id, date_submitted, rating, review, votes, helpfulness, shop_id) values (290, 39, 64, '07/16/2017', 1, 'faucibus orci luctus et ultrices posuere cubilia curae donec pharetra magna vestibulum aliquet ultrices erat', 115, -43, 6);
insert into reviews (id, user_id, product_id, date_submitted, rating, review, votes, helpfulness, shop_id) values (291, 7, 22, '07/20/2017', 4, 'a nibh in quis justo maecenas rhoncus aliquam lacus morbi quis tortor id', 12, 6, 3);
insert into reviews (id, user_id, product_id, date_submitted, rating, review, votes, helpfulness, shop_id) values (292, 56, 93, '03/02/2018', 5, 'nec condimentum neque sapien placerat ante nulla justo aliquam quis turpis eget elit sodales scelerisque mauris sit amet eros suspendisse', 117, 30, 5);
insert into reviews (id, user_id, product_id, date_submitted, rating, review, votes, helpfulness, shop_id) values (293, 76, 53, '05/30/2018', 4, 'in imperdiet et commodo vulputate justo in blandit ultrices enim lorem ipsum dolor', 143, -107, 7);
insert into reviews (id, user_id, product_id, date_submitted, rating, review, votes, helpfulness, shop_id) values (294, 3, 78, '01/12/2018', 5, 'pede morbi porttitor lorem id ligula suspendisse ornare consequat lectus in est risus auctor sed tristique in tempus sit', 35, 9, 1);
insert into reviews (id, user_id, product_id, date_submitted, rating, review, votes, helpfulness, shop_id) values (295, 94, 36, '02/10/2018', 1, 'ipsum primis in faucibus orci luctus et ultrices posuere cubilia', 146, -97, 3);
insert into reviews (id, user_id, product_id, date_submitted, rating, review, votes, helpfulness, shop_id) values (296, 28, 96, '02/16/2018', 2, 'enim blandit mi in porttitor pede justo eu massa donec dapibus duis at velit eu est congue elementum', 63, 34, 1);
insert into reviews (id, user_id, product_id, date_submitted, rating, review, votes, helpfulness, shop_id) values (297, 89, 26, '06/09/2017', 1, 'lacinia nisi venenatis tristique fusce congue diam id ornare imperdiet sapien urna pretium nisl ut', 138, 112, 7);
insert into reviews (id, user_id, product_id, date_submitted, rating, review, votes, helpfulness, shop_id) values (298, 2, 74, '02/11/2018', 2, 'sed lacus morbi sem mauris laoreet ut rhoncus aliquet pulvinar sed nisl nunc rhoncus', 14, 8, 8);
insert into reviews (id, user_id, product_id, date_submitted, rating, review, votes, helpfulness, shop_id) values (299, 87, 58, '12/15/2017', 5, 'nulla facilisi cras non velit nec nisi vulputate nonummy maecenas tincidunt lacus at velit vivamus vel nulla eget', 127, 114, 10);
insert into reviews (id, user_id, product_id, date_submitted, rating, review, votes, helpfulness, shop_id) values (300, 56, 39, '05/04/2018', 1, 'quam nec dui luctus rutrum nulla tellus in sagittis dui vel nisl duis', 40, 29, 7);
insert into reviews (id, user_id, product_id, date_submitted, rating, review, votes, helpfulness, shop_id) values (301, 23, 70, '10/20/2017', 4, 'cum sociis natoque penatibus et magnis dis parturient montes nascetur ridiculus mus etiam vel augue vestibulum rutrum', 36, 25, 3);
insert into reviews (id, user_id, product_id, date_submitted, rating, review, votes, helpfulness, shop_id) values (302, 35, 11, '09/03/2017', 5, 'id sapien in sapien iaculis congue vivamus metus arcu adipiscing molestie hendrerit at vulputate vitae nisl aenean', 142, 21, 1);
insert into reviews (id, user_id, product_id, date_submitted, rating, review, votes, helpfulness, shop_id) values (303, 96, 74, '07/01/2017', 1, 'neque vestibulum eget vulputate ut ultrices vel augue vestibulum ante ipsum primis in faucibus orci luctus et ultrices posuere cubilia', 109, 48, 7);
insert into reviews (id, user_id, product_id, date_submitted, rating, review, votes, helpfulness, shop_id) values (304, 14, 64, '02/13/2018', 1, 'libero rutrum ac lobortis vel dapibus at diam nam tristique tortor', 91, 88, 10);
insert into reviews (id, user_id, product_id, date_submitted, rating, review, votes, helpfulness, shop_id) values (305, 95, 51, '03/23/2018', 4, 'semper est quam pharetra magna ac consequat metus sapien ut nunc vestibulum ante ipsum', 140, -41, 4);
insert into reviews (id, user_id, product_id, date_submitted, rating, review, votes, helpfulness, shop_id) values (306, 73, 97, '09/22/2017', 2, 'nisl nunc nisl duis bibendum felis sed interdum venenatis turpis enim', 135, 16, 5);
insert into reviews (id, user_id, product_id, date_submitted, rating, review, votes, helpfulness, shop_id) values (307, 45, 90, '10/03/2017', 3, 'id massa id nisl venenatis lacinia aenean sit amet justo morbi ut odio cras', 56, -3, 10);
insert into reviews (id, user_id, product_id, date_submitted, rating, review, votes, helpfulness, shop_id) values (308, 78, 89, '07/07/2017', 1, 'bibendum felis sed interdum venenatis turpis enim blandit mi in porttitor pede justo eu massa', 84, 28, 6);
insert into reviews (id, user_id, product_id, date_submitted, rating, review, votes, helpfulness, shop_id) values (309, 53, 51, '07/30/2017', 1, 'aliquam convallis nunc proin at turpis a pede posuere nonummy integer non velit donec diam neque', 80, 53, 6);
insert into reviews (id, user_id, product_id, date_submitted, rating, review, votes, helpfulness, shop_id) values (310, 56, 85, '07/24/2017', 3, 'pellentesque ultrices mattis odio donec vitae nisi nam ultrices libero non mattis pulvinar nulla pede', 68, 48, 5);
insert into reviews (id, user_id, product_id, date_submitted, rating, review, votes, helpfulness, shop_id) values (311, 23, 71, '05/25/2018', 3, 'ut mauris eget massa tempor convallis nulla neque libero convallis eget eleifend luctus ultricies eu nibh quisque id justo sit', 57, 8, 3);
insert into reviews (id, user_id, product_id, date_submitted, rating, review, votes, helpfulness, shop_id) values (312, 33, 80, '07/05/2017', 2, 'gravida nisi at nibh in hac habitasse platea dictumst aliquam augue quam sollicitudin vitae consectetuer', 39, 7, 1);
insert into reviews (id, user_id, product_id, date_submitted, rating, review, votes, helpfulness, shop_id) values (313, 6, 36, '08/04/2017', 3, 'sit amet cursus id turpis integer aliquet massa id lobortis convallis tortor', 131, -68, 10);
insert into reviews (id, user_id, product_id, date_submitted, rating, review, votes, helpfulness, shop_id) values (314, 62, 94, '12/24/2017', 1, 'semper interdum mauris ullamcorper purus sit amet nulla quisque arcu libero rutrum ac lobortis vel', 48, 34, 7);
insert into reviews (id, user_id, product_id, date_submitted, rating, review, votes, helpfulness, shop_id) values (315, 42, 42, '03/11/2018', 2, 'tempor turpis nec euismod scelerisque quam turpis adipiscing lorem vitae mattis nibh ligula nec sem duis aliquam convallis nunc proin', 29, 3, 3);
insert into reviews (id, user_id, product_id, date_submitted, rating, review, votes, helpfulness, shop_id) values (316, 28, 74, '12/24/2017', 5, 'consequat lectus in est risus auctor sed tristique in tempus', 44, 21, 4);
insert into reviews (id, user_id, product_id, date_submitted, rating, review, votes, helpfulness, shop_id) values (317, 10, 51, '08/01/2017', 3, 'neque sapien placerat ante nulla justo aliquam quis turpis eget elit sodales scelerisque mauris', 81, 58, 6);
insert into reviews (id, user_id, product_id, date_submitted, rating, review, votes, helpfulness, shop_id) values (318, 79, 69, '05/19/2018', 2, 'ipsum primis in faucibus orci luctus et ultrices posuere cubilia curae donec', 84, -18, 6);
insert into reviews (id, user_id, product_id, date_submitted, rating, review, votes, helpfulness, shop_id) values (319, 93, 98, '01/07/2018', 4, 'sed lacus morbi sem mauris laoreet ut rhoncus aliquet pulvinar sed nisl nunc rhoncus', 124, 7, 6);
insert into reviews (id, user_id, product_id, date_submitted, rating, review, votes, helpfulness, shop_id) values (320, 51, 21, '03/14/2018', 2, 'in hac habitasse platea dictumst maecenas ut massa quis augue luctus tincidunt nulla mollis molestie lorem', 25, 12, 9);
insert into reviews (id, user_id, product_id, date_submitted, rating, review, votes, helpfulness, shop_id) values (321, 11, 34, '07/04/2017', 5, 'donec dapibus duis at velit eu est congue elementum in hac habitasse', 29, 11, 8);
insert into reviews (id, user_id, product_id, date_submitted, rating, review, votes, helpfulness, shop_id) values (322, 19, 50, '12/06/2017', 4, 'aliquet ultrices erat tortor sollicitudin mi sit amet lobortis sapien sapien non mi integer', 24, 8, 1);
insert into reviews (id, user_id, product_id, date_submitted, rating, review, votes, helpfulness, shop_id) values (323, 34, 44, '07/02/2017', 2, 'diam neque vestibulum eget vulputate ut ultrices vel augue vestibulum ante ipsum primis in faucibus orci luctus', 126, -52, 3);
insert into reviews (id, user_id, product_id, date_submitted, rating, review, votes, helpfulness, shop_id) values (324, 90, 99, '07/26/2017', 2, 'in purus eu magna vulputate luctus cum sociis natoque penatibus et magnis dis', 2, 1, 7);
insert into reviews (id, user_id, product_id, date_submitted, rating, review, votes, helpfulness, shop_id) values (325, 4, 30, '01/01/2018', 3, 'vestibulum velit id pretium iaculis diam erat fermentum justo nec condimentum neque sapien placerat ante nulla justo aliquam quis turpis', 132, -82, 6);
insert into reviews (id, user_id, product_id, date_submitted, rating, review, votes, helpfulness, shop_id) values (326, 37, 34, '06/24/2017', 3, 'amet diam in magna bibendum imperdiet nullam orci pede venenatis non sodales sed tincidunt eu felis', 142, -51, 1);
insert into reviews (id, user_id, product_id, date_submitted, rating, review, votes, helpfulness, shop_id) values (327, 94, 11, '03/26/2018', 4, 'dui maecenas tristique est et tempus semper est quam pharetra magna ac consequat', 129, -33, 4);
insert into reviews (id, user_id, product_id, date_submitted, rating, review, votes, helpfulness, shop_id) values (328, 51, 75, '10/13/2017', 4, 'congue eget semper rutrum nulla nunc purus phasellus in felis', 142, 141, 7);
insert into reviews (id, user_id, product_id, date_submitted, rating, review, votes, helpfulness, shop_id) values (329, 68, 66, '04/03/2018', 2, 'phasellus sit amet erat nulla tempus vivamus in felis eu sapien cursus vestibulum proin eu mi nulla ac', 20, 16, 10);
insert into reviews (id, user_id, product_id, date_submitted, rating, review, votes, helpfulness, shop_id) values (330, 90, 34, '01/08/2018', 5, 'in purus eu magna vulputate luctus cum sociis natoque penatibus et magnis dis parturient montes nascetur ridiculus mus', 49, 32, 5);
insert into reviews (id, user_id, product_id, date_submitted, rating, review, votes, helpfulness, shop_id) values (331, 77, 87, '06/17/2017', 3, 'fusce consequat nulla nisl nunc nisl duis bibendum felis sed interdum venenatis turpis enim blandit mi in porttitor pede', 116, -22, 4);
insert into reviews (id, user_id, product_id, date_submitted, rating, review, votes, helpfulness, shop_id) values (332, 7, 23, '08/18/2017', 1, 'sapien sapien non mi integer ac neque duis bibendum morbi non quam nec dui luctus rutrum nulla', 108, -77, 7);
insert into reviews (id, user_id, product_id, date_submitted, rating, review, votes, helpfulness, shop_id) values (333, 22, 50, '01/23/2018', 3, 'diam in magna bibendum imperdiet nullam orci pede venenatis non sodales', 115, 94, 3);
insert into reviews (id, user_id, product_id, date_submitted, rating, review, votes, helpfulness, shop_id) values (334, 57, 14, '07/02/2017', 2, 'nulla integer pede justo lacinia eget tincidunt eget tempus vel pede morbi porttitor lorem id ligula suspendisse ornare consequat lectus', 73, 7, 3);
insert into reviews (id, user_id, product_id, date_submitted, rating, review, votes, helpfulness, shop_id) values (335, 73, 54, '09/13/2017', 5, 'non mattis pulvinar nulla pede ullamcorper augue a suscipit nulla elit ac nulla sed vel enim sit amet', 12, 8, 7);
insert into reviews (id, user_id, product_id, date_submitted, rating, review, votes, helpfulness, shop_id) values (336, 92, 79, '03/06/2018', 1, 'quis libero nullam sit amet turpis elementum ligula vehicula consequat morbi a ipsum integer a nibh in quis', 46, 45, 1);
insert into reviews (id, user_id, product_id, date_submitted, rating, review, votes, helpfulness, shop_id) values (337, 53, 15, '02/01/2018', 1, 'blandit mi in porttitor pede justo eu massa donec dapibus duis at velit eu est congue elementum', 82, -73, 4);
insert into reviews (id, user_id, product_id, date_submitted, rating, review, votes, helpfulness, shop_id) values (338, 99, 94, '10/16/2017', 1, 'urna pretium nisl ut volutpat sapien arcu sed augue aliquam erat volutpat in', 97, 64, 10);
insert into reviews (id, user_id, product_id, date_submitted, rating, review, votes, helpfulness, shop_id) values (339, 24, 15, '01/16/2018', 4, 'in est risus auctor sed tristique in tempus sit amet sem fusce consequat nulla nisl nunc nisl', 71, 13, 8);
insert into reviews (id, user_id, product_id, date_submitted, rating, review, votes, helpfulness, shop_id) values (340, 55, 33, '01/13/2018', 5, 'lacinia sapien quis libero nullam sit amet turpis elementum ligula vehicula consequat morbi a ipsum integer a nibh in', 112, -103, 9);
insert into reviews (id, user_id, product_id, date_submitted, rating, review, votes, helpfulness, shop_id) values (341, 35, 99, '12/30/2017', 2, 'sagittis nam congue risus semper porta volutpat quam pede lobortis', 11, 1, 5);
insert into reviews (id, user_id, product_id, date_submitted, rating, review, votes, helpfulness, shop_id) values (342, 58, 61, '04/16/2018', 1, 'nisl nunc rhoncus dui vel sem sed sagittis nam congue risus semper', 87, 31, 6);
insert into reviews (id, user_id, product_id, date_submitted, rating, review, votes, helpfulness, shop_id) values (343, 14, 13, '10/02/2017', 4, 'viverra eget congue eget semper rutrum nulla nunc purus phasellus in felis donec semper sapien a libero nam dui proin', 21, 7, 5);
insert into reviews (id, user_id, product_id, date_submitted, rating, review, votes, helpfulness, shop_id) values (344, 81, 29, '11/23/2017', 5, 'morbi a ipsum integer a nibh in quis justo maecenas rhoncus aliquam lacus morbi quis tortor id nulla ultrices aliquet', 110, -70, 4);
insert into reviews (id, user_id, product_id, date_submitted, rating, review, votes, helpfulness, shop_id) values (345, 70, 40, '05/03/2018', 3, 'duis at velit eu est congue elementum in hac habitasse platea dictumst morbi vestibulum velit id pretium iaculis diam erat', 10, 8, 6);
insert into reviews (id, user_id, product_id, date_submitted, rating, review, votes, helpfulness, shop_id) values (346, 48, 46, '12/24/2017', 1, 'in porttitor pede justo eu massa donec dapibus duis at velit', 17, 1, 10);
insert into reviews (id, user_id, product_id, date_submitted, rating, review, votes, helpfulness, shop_id) values (347, 30, 1, '08/30/2017', 3, 'justo pellentesque viverra pede ac diam cras pellentesque volutpat dui maecenas tristique est et tempus', 114, 72, 6);
insert into reviews (id, user_id, product_id, date_submitted, rating, review, votes, helpfulness, shop_id) values (348, 85, 20, '04/20/2018', 5, 'nisi vulputate nonummy maecenas tincidunt lacus at velit vivamus vel nulla eget eros elementum pellentesque quisque', 32, 30, 8);
insert into reviews (id, user_id, product_id, date_submitted, rating, review, votes, helpfulness, shop_id) values (349, 84, 91, '10/13/2017', 2, 'lorem vitae mattis nibh ligula nec sem duis aliquam convallis nunc proin at turpis a pede posuere nonummy integer non', 78, 66, 6);
insert into reviews (id, user_id, product_id, date_submitted, rating, review, votes, helpfulness, shop_id) values (350, 55, 46, '11/14/2017', 5, 'ac tellus semper interdum mauris ullamcorper purus sit amet nulla quisque arcu libero rutrum ac lobortis vel dapibus at diam', 143, -40, 7);
insert into reviews (id, user_id, product_id, date_submitted, rating, review, votes, helpfulness, shop_id) values (351, 96, 88, '09/15/2017', 3, 'eget orci vehicula condimentum curabitur in libero ut massa volutpat convallis morbi odio', 1, 0, 7);
insert into reviews (id, user_id, product_id, date_submitted, rating, review, votes, helpfulness, shop_id) values (352, 22, 89, '12/25/2017', 2, 'ligula suspendisse ornare consequat lectus in est risus auctor sed tristique in tempus sit', 146, 129, 3);
insert into reviews (id, user_id, product_id, date_submitted, rating, review, votes, helpfulness, shop_id) values (353, 82, 77, '07/02/2017', 3, 'potenti in eleifend quam a odio in hac habitasse platea dictumst maecenas ut massa quis augue luctus tincidunt', 104, 68, 5);
insert into reviews (id, user_id, product_id, date_submitted, rating, review, votes, helpfulness, shop_id) values (354, 49, 81, '11/03/2017', 5, 'curabitur gravida nisi at nibh in hac habitasse platea dictumst aliquam augue', 86, 52, 3);
insert into reviews (id, user_id, product_id, date_submitted, rating, review, votes, helpfulness, shop_id) values (355, 63, 84, '08/19/2017', 3, 'magna vulputate luctus cum sociis natoque penatibus et magnis dis parturient montes nascetur ridiculus', 93, 19, 7);
insert into reviews (id, user_id, product_id, date_submitted, rating, review, votes, helpfulness, shop_id) values (356, 85, 35, '11/12/2017', 2, 'amet sapien dignissim vestibulum vestibulum ante ipsum primis in faucibus orci luctus', 91, 80, 7);
insert into reviews (id, user_id, product_id, date_submitted, rating, review, votes, helpfulness, shop_id) values (357, 57, 65, '09/27/2017', 5, 'bibendum morbi non quam nec dui luctus rutrum nulla tellus in sagittis dui vel nisl duis ac', 37, 20, 9);
insert into reviews (id, user_id, product_id, date_submitted, rating, review, votes, helpfulness, shop_id) values (358, 65, 21, '08/20/2017', 2, 'cursus id turpis integer aliquet massa id lobortis convallis tortor risus dapibus augue vel accumsan tellus', 118, 98, 10);
insert into reviews (id, user_id, product_id, date_submitted, rating, review, votes, helpfulness, shop_id) values (359, 55, 36, '09/25/2017', 2, 'etiam faucibus cursus urna ut tellus nulla ut erat id mauris vulputate elementum nullam varius nulla facilisi', 149, -107, 5);
insert into reviews (id, user_id, product_id, date_submitted, rating, review, votes, helpfulness, shop_id) values (360, 45, 99, '07/26/2017', 5, 'nec euismod scelerisque quam turpis adipiscing lorem vitae mattis nibh ligula nec sem duis aliquam convallis', 123, -23, 3);
insert into reviews (id, user_id, product_id, date_submitted, rating, review, votes, helpfulness, shop_id) values (361, 43, 17, '05/30/2018', 1, 'amet nunc viverra dapibus nulla suscipit ligula in lacus curabitur at ipsum ac tellus semper interdum mauris ullamcorper', 16, 1, 6);
insert into reviews (id, user_id, product_id, date_submitted, rating, review, votes, helpfulness, shop_id) values (362, 30, 25, '02/11/2018', 5, 'nam nulla integer pede justo lacinia eget tincidunt eget tempus vel', 1, 0, 2);
insert into reviews (id, user_id, product_id, date_submitted, rating, review, votes, helpfulness, shop_id) values (363, 88, 22, '08/20/2017', 3, 'ac nibh fusce lacus purus aliquet at feugiat non pretium quis lectus suspendisse potenti', 34, 7, 6);
insert into reviews (id, user_id, product_id, date_submitted, rating, review, votes, helpfulness, shop_id) values (364, 100, 89, '06/06/2017', 2, 'ac tellus semper interdum mauris ullamcorper purus sit amet nulla quisque arcu libero rutrum', 3, 1, 7);
insert into reviews (id, user_id, product_id, date_submitted, rating, review, votes, helpfulness, shop_id) values (365, 40, 94, '10/23/2017', 4, 'quam nec dui luctus rutrum nulla tellus in sagittis dui vel nisl duis ac nibh fusce lacus purus', 80, 63, 5);
insert into reviews (id, user_id, product_id, date_submitted, rating, review, votes, helpfulness, shop_id) values (366, 45, 68, '12/18/2017', 5, 'nunc nisl duis bibendum felis sed interdum venenatis turpis enim', 3, 0, 4);
insert into reviews (id, user_id, product_id, date_submitted, rating, review, votes, helpfulness, shop_id) values (367, 58, 38, '02/19/2018', 1, 'mauris enim leo rhoncus sed vestibulum sit amet cursus id turpis integer', 25, 22, 1);
insert into reviews (id, user_id, product_id, date_submitted, rating, review, votes, helpfulness, shop_id) values (368, 12, 37, '04/02/2018', 5, 'sit amet nulla quisque arcu libero rutrum ac lobortis vel dapibus at diam nam tristique', 115, 72, 9);
insert into reviews (id, user_id, product_id, date_submitted, rating, review, votes, helpfulness, shop_id) values (369, 38, 87, '08/09/2017', 1, 'enim blandit mi in porttitor pede justo eu massa donec dapibus duis at velit eu est', 38, 3, 4);
insert into reviews (id, user_id, product_id, date_submitted, rating, review, votes, helpfulness, shop_id) values (370, 67, 30, '11/30/2017', 1, 'in faucibus orci luctus et ultrices posuere cubilia curae mauris viverra diam vitae quam suspendisse potenti nullam', 129, -87, 3);
insert into reviews (id, user_id, product_id, date_submitted, rating, review, votes, helpfulness, shop_id) values (371, 95, 50, '08/04/2017', 2, 'mauris non ligula pellentesque ultrices phasellus id sapien in sapien iaculis', 32, 16, 9);
insert into reviews (id, user_id, product_id, date_submitted, rating, review, votes, helpfulness, shop_id) values (372, 100, 1, '06/18/2017', 1, 'aliquam lacus morbi quis tortor id nulla ultrices aliquet maecenas leo odio condimentum id luctus nec', 108, 26, 8);
insert into reviews (id, user_id, product_id, date_submitted, rating, review, votes, helpfulness, shop_id) values (373, 97, 59, '06/12/2017', 1, 'nec condimentum neque sapien placerat ante nulla justo aliquam quis turpis eget elit sodales scelerisque mauris sit', 24, 7, 9);
insert into reviews (id, user_id, product_id, date_submitted, rating, review, votes, helpfulness, shop_id) values (374, 37, 51, '10/29/2017', 4, 'quam sollicitudin vitae consectetuer eget rutrum at lorem integer tincidunt ante vel', 60, 40, 5);
insert into reviews (id, user_id, product_id, date_submitted, rating, review, votes, helpfulness, shop_id) values (375, 49, 28, '01/08/2018', 4, 'massa volutpat convallis morbi odio odio elementum eu interdum eu tincidunt in leo maecenas pulvinar', 6, 2, 2);
insert into reviews (id, user_id, product_id, date_submitted, rating, review, votes, helpfulness, shop_id) values (376, 7, 23, '09/02/2017', 1, 'donec ut dolor morbi vel lectus in quam fringilla rhoncus mauris enim', 71, 34, 5);
insert into reviews (id, user_id, product_id, date_submitted, rating, review, votes, helpfulness, shop_id) values (377, 58, 31, '01/30/2018', 2, 'nisi nam ultrices libero non mattis pulvinar nulla pede ullamcorper augue a suscipit nulla elit ac', 129, 114, 8);
insert into reviews (id, user_id, product_id, date_submitted, rating, review, votes, helpfulness, shop_id) values (378, 87, 95, '11/10/2017', 4, 'magnis dis parturient montes nascetur ridiculus mus vivamus vestibulum sagittis sapien cum sociis', 73, -27, 4);
insert into reviews (id, user_id, product_id, date_submitted, rating, review, votes, helpfulness, shop_id) values (379, 51, 84, '04/21/2018', 4, 'rhoncus sed vestibulum sit amet cursus id turpis integer aliquet massa id lobortis convallis tortor', 129, 20, 3);
insert into reviews (id, user_id, product_id, date_submitted, rating, review, votes, helpfulness, shop_id) values (380, 66, 32, '11/18/2017', 1, 'ut at dolor quis odio consequat varius integer ac leo pellentesque ultrices mattis odio', 64, -1, 3);
insert into reviews (id, user_id, product_id, date_submitted, rating, review, votes, helpfulness, shop_id) values (381, 45, 47, '07/11/2017', 5, 'sit amet eros suspendisse accumsan tortor quis turpis sed ante vivamus tortor duis mattis egestas metus aenean fermentum', 23, 14, 10);
insert into reviews (id, user_id, product_id, date_submitted, rating, review, votes, helpfulness, shop_id) values (382, 26, 3, '05/14/2018', 2, 'tempus semper est quam pharetra magna ac consequat metus sapien ut nunc', 21, 15, 7);
insert into reviews (id, user_id, product_id, date_submitted, rating, review, votes, helpfulness, shop_id) values (383, 16, 78, '10/02/2017', 2, 'eu sapien cursus vestibulum proin eu mi nulla ac enim in tempor turpis', 24, 11, 3);
insert into reviews (id, user_id, product_id, date_submitted, rating, review, votes, helpfulness, shop_id) values (384, 93, 85, '06/14/2017', 3, 'interdum venenatis turpis enim blandit mi in porttitor pede justo eu massa', 19, 2, 5);
insert into reviews (id, user_id, product_id, date_submitted, rating, review, votes, helpfulness, shop_id) values (385, 10, 5, '11/22/2017', 1, 'turpis donec posuere metus vitae ipsum aliquam non mauris morbi', 39, 22, 6);
insert into reviews (id, user_id, product_id, date_submitted, rating, review, votes, helpfulness, shop_id) values (386, 38, 22, '11/17/2017', 3, 'quam sollicitudin vitae consectetuer eget rutrum at lorem integer tincidunt ante vel ipsum praesent blandit lacinia erat vestibulum sed', 150, -69, 1);
insert into reviews (id, user_id, product_id, date_submitted, rating, review, votes, helpfulness, shop_id) values (387, 4, 45, '09/04/2017', 4, 'vel pede morbi porttitor lorem id ligula suspendisse ornare consequat lectus in est risus auctor sed tristique in', 87, -16, 4);
insert into reviews (id, user_id, product_id, date_submitted, rating, review, votes, helpfulness, shop_id) values (388, 8, 57, '07/24/2017', 2, 'ipsum primis in faucibus orci luctus et ultrices posuere cubilia curae nulla dapibus dolor vel est donec', 111, 9, 1);
insert into reviews (id, user_id, product_id, date_submitted, rating, review, votes, helpfulness, shop_id) values (389, 89, 50, '01/16/2018', 3, 'quam turpis adipiscing lorem vitae mattis nibh ligula nec sem duis aliquam convallis nunc proin at', 122, 27, 6);
insert into reviews (id, user_id, product_id, date_submitted, rating, review, votes, helpfulness, shop_id) values (390, 62, 46, '11/20/2017', 5, 'habitasse platea dictumst morbi vestibulum velit id pretium iaculis diam erat fermentum justo nec condimentum neque sapien placerat', 72, 11, 9);
insert into reviews (id, user_id, product_id, date_submitted, rating, review, votes, helpfulness, shop_id) values (391, 10, 50, '11/07/2017', 2, 'morbi a ipsum integer a nibh in quis justo maecenas rhoncus aliquam', 135, 123, 6);
insert into reviews (id, user_id, product_id, date_submitted, rating, review, votes, helpfulness, shop_id) values (392, 71, 73, '06/10/2017', 2, 'neque sapien placerat ante nulla justo aliquam quis turpis eget elit sodales scelerisque', 17, 8, 2);
insert into reviews (id, user_id, product_id, date_submitted, rating, review, votes, helpfulness, shop_id) values (393, 51, 14, '04/15/2018', 3, 'in porttitor pede justo eu massa donec dapibus duis at velit eu est congue elementum in hac habitasse platea dictumst', 9, 3, 6);
insert into reviews (id, user_id, product_id, date_submitted, rating, review, votes, helpfulness, shop_id) values (394, 33, 19, '06/12/2017', 2, 'nisi eu orci mauris lacinia sapien quis libero nullam sit amet turpis elementum ligula vehicula consequat morbi a ipsum integer', 138, 87, 5);
insert into reviews (id, user_id, product_id, date_submitted, rating, review, votes, helpfulness, shop_id) values (395, 53, 76, '02/06/2018', 1, 'pede venenatis non sodales sed tincidunt eu felis fusce posuere felis sed', 40, -35, 5);
insert into reviews (id, user_id, product_id, date_submitted, rating, review, votes, helpfulness, shop_id) values (396, 26, 38, '03/15/2018', 2, 'malesuada in imperdiet et commodo vulputate justo in blandit ultrices enim lorem ipsum dolor sit', 107, 84, 10);
insert into reviews (id, user_id, product_id, date_submitted, rating, review, votes, helpfulness, shop_id) values (397, 34, 93, '07/17/2017', 1, 'nec sem duis aliquam convallis nunc proin at turpis a pede posuere', 141, 138, 3);
insert into reviews (id, user_id, product_id, date_submitted, rating, review, votes, helpfulness, shop_id) values (398, 75, 32, '10/17/2017', 2, 'id ornare imperdiet sapien urna pretium nisl ut volutpat sapien arcu sed', 71, 17, 3);
insert into reviews (id, user_id, product_id, date_submitted, rating, review, votes, helpfulness, shop_id) values (399, 65, 68, '10/29/2017', 1, 'sit amet diam in magna bibendum imperdiet nullam orci pede venenatis non sodales sed tincidunt eu felis fusce', 51, 39, 10);
insert into reviews (id, user_id, product_id, date_submitted, rating, review, votes, helpfulness, shop_id) values (400, 39, 88, '10/20/2017', 1, 'duis mattis egestas metus aenean fermentum donec ut mauris eget massa tempor convallis', 107, 48, 2);
insert into reviews (id, user_id, product_id, date_submitted, rating, review, votes, helpfulness, shop_id) values (401, 44, 41, '09/27/2017', 1, 'sed justo pellentesque viverra pede ac diam cras pellentesque volutpat dui maecenas tristique', 1, 0, 1);
insert into reviews (id, user_id, product_id, date_submitted, rating, review, votes, helpfulness, shop_id) values (402, 86, 39, '08/02/2017', 3, 'erat eros viverra eget congue eget semper rutrum nulla nunc purus phasellus in felis donec semper', 11, 3, 1);
insert into reviews (id, user_id, product_id, date_submitted, rating, review, votes, helpfulness, shop_id) values (403, 40, 32, '02/22/2018', 3, 'facilisi cras non velit nec nisi vulputate nonummy maecenas tincidunt lacus at velit vivamus vel nulla eget eros', 33, 12, 1);
insert into reviews (id, user_id, product_id, date_submitted, rating, review, votes, helpfulness, shop_id) values (404, 18, 52, '04/03/2018', 2, 'leo odio condimentum id luctus nec molestie sed justo pellentesque viverra pede ac diam cras pellentesque volutpat dui', 18, 8, 5);
insert into reviews (id, user_id, product_id, date_submitted, rating, review, votes, helpfulness, shop_id) values (405, 77, 58, '09/13/2017', 1, 'leo odio condimentum id luctus nec molestie sed justo pellentesque viverra pede ac diam cras pellentesque volutpat dui', 131, -103, 7);
insert into reviews (id, user_id, product_id, date_submitted, rating, review, votes, helpfulness, shop_id) values (406, 16, 63, '12/21/2017', 4, 'etiam vel augue vestibulum rutrum rutrum neque aenean auctor gravida sem praesent id', 115, 19, 9);
insert into reviews (id, user_id, product_id, date_submitted, rating, review, votes, helpfulness, shop_id) values (407, 47, 18, '12/15/2017', 3, 'vel accumsan tellus nisi eu orci mauris lacinia sapien quis libero nullam sit', 68, 35, 4);
insert into reviews (id, user_id, product_id, date_submitted, rating, review, votes, helpfulness, shop_id) values (408, 36, 16, '11/18/2017', 1, 'in hac habitasse platea dictumst morbi vestibulum velit id pretium iaculis diam', 110, 37, 8);
insert into reviews (id, user_id, product_id, date_submitted, rating, review, votes, helpfulness, shop_id) values (409, 97, 56, '07/21/2017', 4, 'turpis sed ante vivamus tortor duis mattis egestas metus aenean fermentum donec ut', 76, 66, 2);
insert into reviews (id, user_id, product_id, date_submitted, rating, review, votes, helpfulness, shop_id) values (410, 42, 63, '03/17/2018', 4, 'tempor turpis nec euismod scelerisque quam turpis adipiscing lorem vitae mattis nibh ligula nec', 34, 12, 3);
insert into reviews (id, user_id, product_id, date_submitted, rating, review, votes, helpfulness, shop_id) values (411, 77, 59, '07/02/2017', 2, 'et eros vestibulum ac est lacinia nisi venenatis tristique fusce', 123, -63, 1);
insert into reviews (id, user_id, product_id, date_submitted, rating, review, votes, helpfulness, shop_id) values (412, 51, 60, '10/13/2017', 4, 'fermentum justo nec condimentum neque sapien placerat ante nulla justo aliquam quis turpis eget elit sodales scelerisque mauris sit amet', 75, 22, 1);
insert into reviews (id, user_id, product_id, date_submitted, rating, review, votes, helpfulness, shop_id) values (413, 84, 17, '07/03/2017', 5, 'justo etiam pretium iaculis justo in hac habitasse platea dictumst etiam faucibus cursus urna ut tellus nulla ut erat id', 37, 6, 1);
insert into reviews (id, user_id, product_id, date_submitted, rating, review, votes, helpfulness, shop_id) values (414, 58, 79, '02/08/2018', 3, 'phasellus sit amet erat nulla tempus vivamus in felis eu sapien cursus vestibulum', 101, 17, 10);
insert into reviews (id, user_id, product_id, date_submitted, rating, review, votes, helpfulness, shop_id) values (415, 65, 16, '01/23/2018', 1, 'a suscipit nulla elit ac nulla sed vel enim sit amet nunc viverra dapibus nulla suscipit ligula in lacus', 20, 6, 7);
insert into reviews (id, user_id, product_id, date_submitted, rating, review, votes, helpfulness, shop_id) values (416, 89, 84, '09/05/2017', 2, 'venenatis lacinia aenean sit amet justo morbi ut odio cras mi pede malesuada in imperdiet et commodo vulputate justo', 13, 2, 9);
insert into reviews (id, user_id, product_id, date_submitted, rating, review, votes, helpfulness, shop_id) values (417, 12, 4, '02/03/2018', 3, 'aliquam non mauris morbi non lectus aliquam sit amet diam in magna bibendum imperdiet nullam orci pede venenatis non sodales', 24, 13, 10);
insert into reviews (id, user_id, product_id, date_submitted, rating, review, votes, helpfulness, shop_id) values (418, 57, 41, '05/22/2018', 2, 'sed magna at nunc commodo placerat praesent blandit nam nulla integer pede justo lacinia eget', 115, 103, 5);
insert into reviews (id, user_id, product_id, date_submitted, rating, review, votes, helpfulness, shop_id) values (419, 17, 81, '10/09/2017', 5, 'sit amet turpis elementum ligula vehicula consequat morbi a ipsum integer a nibh in quis justo', 111, 30, 3);
insert into reviews (id, user_id, product_id, date_submitted, rating, review, votes, helpfulness, shop_id) values (420, 100, 38, '08/06/2017', 4, 'diam id ornare imperdiet sapien urna pretium nisl ut volutpat', 13, 4, 6);
insert into reviews (id, user_id, product_id, date_submitted, rating, review, votes, helpfulness, shop_id) values (421, 23, 97, '03/02/2018', 4, 'augue aliquam erat volutpat in congue etiam justo etiam pretium iaculis justo in hac habitasse platea dictumst', 57, -18, 4);
insert into reviews (id, user_id, product_id, date_submitted, rating, review, votes, helpfulness, shop_id) values (422, 1, 41, '05/29/2018', 1, 'vestibulum rutrum rutrum neque aenean auctor gravida sem praesent id', 71, -44, 5);
insert into reviews (id, user_id, product_id, date_submitted, rating, review, votes, helpfulness, shop_id) values (423, 42, 36, '01/07/2018', 3, 'neque aenean auctor gravida sem praesent id massa id nisl venenatis lacinia aenean sit amet', 116, -57, 9);
insert into reviews (id, user_id, product_id, date_submitted, rating, review, votes, helpfulness, shop_id) values (424, 58, 58, '11/25/2017', 1, 'cubilia curae donec pharetra magna vestibulum aliquet ultrices erat tortor sollicitudin mi sit amet lobortis sapien sapien non', 7, 2, 9);
insert into reviews (id, user_id, product_id, date_submitted, rating, review, votes, helpfulness, shop_id) values (425, 45, 60, '12/08/2017', 4, 'elementum pellentesque quisque porta volutpat erat quisque erat eros viverra', 65, 31, 8);
insert into reviews (id, user_id, product_id, date_submitted, rating, review, votes, helpfulness, shop_id) values (426, 36, 98, '01/25/2018', 3, 'ut dolor morbi vel lectus in quam fringilla rhoncus mauris enim leo rhoncus', 22, 9, 7);
insert into reviews (id, user_id, product_id, date_submitted, rating, review, votes, helpfulness, shop_id) values (427, 64, 38, '02/23/2018', 3, 'rhoncus sed vestibulum sit amet cursus id turpis integer aliquet massa id lobortis', 130, 54, 5);
insert into reviews (id, user_id, product_id, date_submitted, rating, review, votes, helpfulness, shop_id) values (428, 4, 14, '01/10/2018', 2, 'magna ac consequat metus sapien ut nunc vestibulum ante ipsum primis in faucibus orci luctus et ultrices', 74, 50, 2);
insert into reviews (id, user_id, product_id, date_submitted, rating, review, votes, helpfulness, shop_id) values (429, 25, 74, '04/13/2018', 5, 'elit ac nulla sed vel enim sit amet nunc viverra dapibus nulla suscipit ligula in', 149, 87, 1);
insert into reviews (id, user_id, product_id, date_submitted, rating, review, votes, helpfulness, shop_id) values (430, 69, 34, '09/23/2017', 1, 'platea dictumst aliquam augue quam sollicitudin vitae consectetuer eget rutrum at lorem integer', 79, 62, 2);
insert into reviews (id, user_id, product_id, date_submitted, rating, review, votes, helpfulness, shop_id) values (431, 33, 32, '11/11/2017', 2, 'turpis donec posuere metus vitae ipsum aliquam non mauris morbi non lectus', 18, 16, 10);
insert into reviews (id, user_id, product_id, date_submitted, rating, review, votes, helpfulness, shop_id) values (432, 78, 75, '01/30/2018', 4, 'amet eleifend pede libero quis orci nullam molestie nibh in lectus pellentesque at nulla suspendisse potenti', 59, -7, 6);
insert into reviews (id, user_id, product_id, date_submitted, rating, review, votes, helpfulness, shop_id) values (433, 35, 18, '02/07/2018', 1, 'nulla tellus in sagittis dui vel nisl duis ac nibh fusce lacus purus aliquet at', 108, 84, 10);
insert into reviews (id, user_id, product_id, date_submitted, rating, review, votes, helpfulness, shop_id) values (434, 35, 92, '06/28/2017', 3, 'cras pellentesque volutpat dui maecenas tristique est et tempus semper est quam pharetra magna ac', 47, -24, 4);
insert into reviews (id, user_id, product_id, date_submitted, rating, review, votes, helpfulness, shop_id) values (435, 14, 64, '08/07/2017', 1, 'integer non velit donec diam neque vestibulum eget vulputate ut ultrices', 34, 8, 8);
insert into reviews (id, user_id, product_id, date_submitted, rating, review, votes, helpfulness, shop_id) values (436, 83, 85, '08/29/2017', 4, 'dolor sit amet consectetuer adipiscing elit proin risus praesent lectus vestibulum quam sapien varius ut blandit', 53, 40, 5);
insert into reviews (id, user_id, product_id, date_submitted, rating, review, votes, helpfulness, shop_id) values (437, 91, 72, '06/18/2017', 5, 'augue luctus tincidunt nulla mollis molestie lorem quisque ut erat', 14, 12, 5);
insert into reviews (id, user_id, product_id, date_submitted, rating, review, votes, helpfulness, shop_id) values (438, 22, 28, '11/18/2017', 5, 'sed interdum venenatis turpis enim blandit mi in porttitor pede', 99, -74, 3);
insert into reviews (id, user_id, product_id, date_submitted, rating, review, votes, helpfulness, shop_id) values (439, 35, 95, '11/18/2017', 3, 'risus dapibus augue vel accumsan tellus nisi eu orci mauris lacinia sapien quis libero nullam sit', 118, -109, 5);
insert into reviews (id, user_id, product_id, date_submitted, rating, review, votes, helpfulness, shop_id) values (440, 69, 54, '10/15/2017', 4, 'congue vivamus metus arcu adipiscing molestie hendrerit at vulputate vitae nisl aenean lectus', 41, 30, 8);
insert into reviews (id, user_id, product_id, date_submitted, rating, review, votes, helpfulness, shop_id) values (441, 14, 70, '06/26/2017', 2, 'non mauris morbi non lectus aliquam sit amet diam in magna', 77, 59, 10);
insert into reviews (id, user_id, product_id, date_submitted, rating, review, votes, helpfulness, shop_id) values (442, 64, 34, '02/20/2018', 3, 'ipsum primis in faucibus orci luctus et ultrices posuere cubilia curae donec pharetra magna vestibulum aliquet', 137, 88, 8);
insert into reviews (id, user_id, product_id, date_submitted, rating, review, votes, helpfulness, shop_id) values (443, 59, 37, '03/10/2018', 5, 'aliquam erat volutpat in congue etiam justo etiam pretium iaculis justo in hac habitasse platea dictumst etiam faucibus cursus urna', 120, 119, 5);
insert into reviews (id, user_id, product_id, date_submitted, rating, review, votes, helpfulness, shop_id) values (444, 90, 77, '04/01/2018', 3, 'vestibulum proin eu mi nulla ac enim in tempor turpis nec euismod scelerisque quam turpis adipiscing lorem vitae', 57, 0, 9);
insert into reviews (id, user_id, product_id, date_submitted, rating, review, votes, helpfulness, shop_id) values (445, 63, 87, '12/18/2017', 4, 'duis bibendum morbi non quam nec dui luctus rutrum nulla tellus in sagittis dui vel nisl duis ac nibh fusce', 88, 82, 6);
insert into reviews (id, user_id, product_id, date_submitted, rating, review, votes, helpfulness, shop_id) values (446, 91, 44, '11/27/2017', 1, 'suspendisse potenti cras in purus eu magna vulputate luctus cum sociis natoque penatibus et magnis dis parturient montes', 131, 117, 7);
insert into reviews (id, user_id, product_id, date_submitted, rating, review, votes, helpfulness, shop_id) values (447, 52, 71, '09/02/2017', 1, 'sapien varius ut blandit non interdum in ante vestibulum ante ipsum primis in faucibus orci luctus et ultrices posuere', 34, 0, 6);
insert into reviews (id, user_id, product_id, date_submitted, rating, review, votes, helpfulness, shop_id) values (448, 31, 58, '12/01/2017', 1, 'at turpis donec posuere metus vitae ipsum aliquam non mauris morbi non lectus aliquam sit amet', 85, -15, 6);
insert into reviews (id, user_id, product_id, date_submitted, rating, review, votes, helpfulness, shop_id) values (449, 23, 4, '08/18/2017', 4, 'suspendisse potenti cras in purus eu magna vulputate luctus cum sociis natoque', 11, 9, 8);
insert into reviews (id, user_id, product_id, date_submitted, rating, review, votes, helpfulness, shop_id) values (450, 78, 94, '03/22/2018', 1, 'sodales scelerisque mauris sit amet eros suspendisse accumsan tortor quis', 113, 92, 5);
insert into reviews (id, user_id, product_id, date_submitted, rating, review, votes, helpfulness, shop_id) values (451, 97, 67, '11/09/2017', 2, 'sem fusce consequat nulla nisl nunc nisl duis bibendum felis sed interdum venenatis turpis enim', 135, -62, 5);
insert into reviews (id, user_id, product_id, date_submitted, rating, review, votes, helpfulness, shop_id) values (452, 60, 13, '06/09/2017', 2, 'tempus sit amet sem fusce consequat nulla nisl nunc nisl duis bibendum felis sed interdum venenatis turpis', 10, 9, 8);
insert into reviews (id, user_id, product_id, date_submitted, rating, review, votes, helpfulness, shop_id) values (453, 58, 65, '03/29/2018', 5, 'nisl nunc rhoncus dui vel sem sed sagittis nam congue risus semper porta volutpat', 26, 9, 1);
insert into reviews (id, user_id, product_id, date_submitted, rating, review, votes, helpfulness, shop_id) values (454, 51, 23, '09/22/2017', 5, 'a suscipit nulla elit ac nulla sed vel enim sit amet nunc viverra dapibus nulla suscipit ligula in', 46, 37, 3);
insert into reviews (id, user_id, product_id, date_submitted, rating, review, votes, helpfulness, shop_id) values (455, 92, 39, '05/23/2018', 3, 'nibh in lectus pellentesque at nulla suspendisse potenti cras in purus eu magna vulputate luctus cum sociis natoque penatibus et', 54, 26, 6);
insert into reviews (id, user_id, product_id, date_submitted, rating, review, votes, helpfulness, shop_id) values (456, 98, 48, '11/16/2017', 2, 'phasellus in felis donec semper sapien a libero nam dui proin leo odio porttitor id consequat in consequat', 31, -1, 8);
insert into reviews (id, user_id, product_id, date_submitted, rating, review, votes, helpfulness, shop_id) values (457, 25, 96, '04/22/2018', 2, 'nulla facilisi cras non velit nec nisi vulputate nonummy maecenas tincidunt lacus at velit vivamus vel', 34, 4, 10);
insert into reviews (id, user_id, product_id, date_submitted, rating, review, votes, helpfulness, shop_id) values (458, 34, 90, '03/14/2018', 1, 'luctus ultricies eu nibh quisque id justo sit amet sapien dignissim vestibulum vestibulum', 8, 4, 10);
insert into reviews (id, user_id, product_id, date_submitted, rating, review, votes, helpfulness, shop_id) values (459, 73, 51, '12/02/2017', 5, 'pede venenatis non sodales sed tincidunt eu felis fusce posuere', 122, -51, 8);
insert into reviews (id, user_id, product_id, date_submitted, rating, review, votes, helpfulness, shop_id) values (460, 87, 81, '10/29/2017', 2, 'sed accumsan felis ut at dolor quis odio consequat varius integer ac leo pellentesque ultrices mattis odio donec vitae nisi', 24, 23, 3);
insert into reviews (id, user_id, product_id, date_submitted, rating, review, votes, helpfulness, shop_id) values (461, 95, 91, '12/22/2017', 4, 'blandit non interdum in ante vestibulum ante ipsum primis in faucibus', 91, 35, 10);
insert into reviews (id, user_id, product_id, date_submitted, rating, review, votes, helpfulness, shop_id) values (462, 7, 8, '02/17/2018', 3, 'eget vulputate ut ultrices vel augue vestibulum ante ipsum primis in faucibus orci luctus et ultrices', 136, 31, 1);
insert into reviews (id, user_id, product_id, date_submitted, rating, review, votes, helpfulness, shop_id) values (463, 85, 74, '04/11/2018', 4, 'tempus sit amet sem fusce consequat nulla nisl nunc nisl duis', 145, 93, 10);
insert into reviews (id, user_id, product_id, date_submitted, rating, review, votes, helpfulness, shop_id) values (464, 63, 62, '02/07/2018', 2, 'justo in blandit ultrices enim lorem ipsum dolor sit amet consectetuer adipiscing elit proin interdum mauris non ligula pellentesque', 52, 22, 3);
insert into reviews (id, user_id, product_id, date_submitted, rating, review, votes, helpfulness, shop_id) values (465, 5, 57, '07/13/2017', 5, 'morbi quis tortor id nulla ultrices aliquet maecenas leo odio condimentum id luctus nec molestie sed justo', 59, -12, 7);
insert into reviews (id, user_id, product_id, date_submitted, rating, review, votes, helpfulness, shop_id) values (466, 1, 45, '04/14/2018', 5, 'mattis pulvinar nulla pede ullamcorper augue a suscipit nulla elit ac nulla sed vel enim sit amet nunc viverra', 94, 85, 1);
insert into reviews (id, user_id, product_id, date_submitted, rating, review, votes, helpfulness, shop_id) values (467, 85, 34, '06/21/2017', 5, 'amet consectetuer adipiscing elit proin interdum mauris non ligula pellentesque ultrices phasellus id sapien in sapien iaculis', 88, 62, 9);
insert into reviews (id, user_id, product_id, date_submitted, rating, review, votes, helpfulness, shop_id) values (468, 45, 29, '03/05/2018', 4, 'mauris lacinia sapien quis libero nullam sit amet turpis elementum ligula vehicula consequat', 141, 77, 8);
insert into reviews (id, user_id, product_id, date_submitted, rating, review, votes, helpfulness, shop_id) values (469, 1, 77, '06/03/2017', 5, 'nulla suspendisse potenti cras in purus eu magna vulputate luctus cum', 150, 149, 3);
insert into reviews (id, user_id, product_id, date_submitted, rating, review, votes, helpfulness, shop_id) values (470, 44, 54, '09/13/2017', 5, 'luctus nec molestie sed justo pellentesque viverra pede ac diam cras pellentesque volutpat', 53, 44, 10);
insert into reviews (id, user_id, product_id, date_submitted, rating, review, votes, helpfulness, shop_id) values (471, 1, 85, '04/28/2018', 4, 'massa volutpat convallis morbi odio odio elementum eu interdum eu tincidunt in leo maecenas pulvinar lobortis est phasellus sit', 54, 9, 6);
insert into reviews (id, user_id, product_id, date_submitted, rating, review, votes, helpfulness, shop_id) values (472, 74, 80, '12/20/2017', 5, 'lorem ipsum dolor sit amet consectetuer adipiscing elit proin risus praesent lectus vestibulum quam sapien varius ut blandit', 106, -102, 2);
insert into reviews (id, user_id, product_id, date_submitted, rating, review, votes, helpfulness, shop_id) values (473, 6, 46, '07/29/2017', 2, 'vel nulla eget eros elementum pellentesque quisque porta volutpat erat quisque erat eros viverra eget congue eget semper rutrum nulla', 142, 62, 5);
insert into reviews (id, user_id, product_id, date_submitted, rating, review, votes, helpfulness, shop_id) values (474, 24, 87, '02/02/2018', 2, 'aliquet at feugiat non pretium quis lectus suspendisse potenti in eleifend quam a odio in', 125, 36, 10);
insert into reviews (id, user_id, product_id, date_submitted, rating, review, votes, helpfulness, shop_id) values (475, 2, 74, '04/28/2018', 5, 'tortor risus dapibus augue vel accumsan tellus nisi eu orci', 149, -101, 8);
insert into reviews (id, user_id, product_id, date_submitted, rating, review, votes, helpfulness, shop_id) values (476, 8, 18, '05/28/2018', 3, 'maecenas ut massa quis augue luctus tincidunt nulla mollis molestie lorem quisque ut erat', 45, -28, 6);
insert into reviews (id, user_id, product_id, date_submitted, rating, review, votes, helpfulness, shop_id) values (477, 85, 76, '09/07/2017', 1, 'ac est lacinia nisi venenatis tristique fusce congue diam id ornare', 44, 18, 4);
insert into reviews (id, user_id, product_id, date_submitted, rating, review, votes, helpfulness, shop_id) values (478, 51, 11, '12/07/2017', 2, 'luctus et ultrices posuere cubilia curae mauris viverra diam vitae quam suspendisse potenti nullam porttitor lacus at turpis donec posuere', 24, -15, 6);
insert into reviews (id, user_id, product_id, date_submitted, rating, review, votes, helpfulness, shop_id) values (479, 79, 44, '10/22/2017', 1, 'quam suspendisse potenti nullam porttitor lacus at turpis donec posuere metus vitae ipsum aliquam', 92, 49, 1);
insert into reviews (id, user_id, product_id, date_submitted, rating, review, votes, helpfulness, shop_id) values (480, 74, 9, '02/22/2018', 2, 'condimentum neque sapien placerat ante nulla justo aliquam quis turpis eget elit sodales scelerisque mauris sit amet eros suspendisse accumsan', 93, -52, 1);
insert into reviews (id, user_id, product_id, date_submitted, rating, review, votes, helpfulness, shop_id) values (481, 49, 81, '12/29/2017', 3, 'tellus semper interdum mauris ullamcorper purus sit amet nulla quisque arcu libero rutrum ac', 44, 15, 4);
insert into reviews (id, user_id, product_id, date_submitted, rating, review, votes, helpfulness, shop_id) values (482, 25, 31, '11/25/2017', 3, 'luctus nec molestie sed justo pellentesque viverra pede ac diam cras pellentesque volutpat dui', 4, 3, 1);
insert into reviews (id, user_id, product_id, date_submitted, rating, review, votes, helpfulness, shop_id) values (483, 23, 34, '03/30/2018', 3, 'ut dolor morbi vel lectus in quam fringilla rhoncus mauris enim leo rhoncus sed vestibulum sit amet cursus', 144, 72, 7);
insert into reviews (id, user_id, product_id, date_submitted, rating, review, votes, helpfulness, shop_id) values (484, 9, 49, '10/14/2017', 2, 'magna at nunc commodo placerat praesent blandit nam nulla integer pede justo lacinia eget tincidunt eget', 44, 32, 2);
insert into reviews (id, user_id, product_id, date_submitted, rating, review, votes, helpfulness, shop_id) values (485, 46, 81, '02/17/2018', 1, 'fringilla rhoncus mauris enim leo rhoncus sed vestibulum sit amet cursus id turpis integer aliquet massa', 84, 47, 5);
insert into reviews (id, user_id, product_id, date_submitted, rating, review, votes, helpfulness, shop_id) values (486, 81, 52, '04/06/2018', 3, 'sem mauris laoreet ut rhoncus aliquet pulvinar sed nisl nunc rhoncus dui vel', 8, 5, 1);
insert into reviews (id, user_id, product_id, date_submitted, rating, review, votes, helpfulness, shop_id) values (487, 24, 23, '05/09/2018', 1, 'eleifend luctus ultricies eu nibh quisque id justo sit amet sapien dignissim vestibulum vestibulum ante ipsum primis in faucibus orci', 93, 50, 8);
insert into reviews (id, user_id, product_id, date_submitted, rating, review, votes, helpfulness, shop_id) values (488, 77, 52, '12/28/2017', 2, 'tortor duis mattis egestas metus aenean fermentum donec ut mauris eget massa tempor convallis nulla neque libero convallis', 106, 36, 1);
insert into reviews (id, user_id, product_id, date_submitted, rating, review, votes, helpfulness, shop_id) values (489, 83, 58, '11/23/2017', 2, 'sagittis sapien cum sociis natoque penatibus et magnis dis parturient montes nascetur ridiculus mus etiam vel augue vestibulum', 87, 24, 6);
insert into reviews (id, user_id, product_id, date_submitted, rating, review, votes, helpfulness, shop_id) values (490, 43, 77, '12/04/2017', 3, 'in blandit ultrices enim lorem ipsum dolor sit amet consectetuer adipiscing', 103, 6, 8);
insert into reviews (id, user_id, product_id, date_submitted, rating, review, votes, helpfulness, shop_id) values (491, 83, 29, '09/02/2017', 1, 'tincidunt in leo maecenas pulvinar lobortis est phasellus sit amet erat nulla tempus vivamus in felis eu sapien', 44, 2, 8);
insert into reviews (id, user_id, product_id, date_submitted, rating, review, votes, helpfulness, shop_id) values (492, 100, 73, '02/03/2018', 4, 'luctus ultricies eu nibh quisque id justo sit amet sapien dignissim', 135, 56, 4);
insert into reviews (id, user_id, product_id, date_submitted, rating, review, votes, helpfulness, shop_id) values (493, 89, 94, '11/01/2017', 2, 'cubilia curae duis faucibus accumsan odio curabitur convallis duis consequat dui nec nisi volutpat eleifend donec ut dolor', 132, 8, 7);
insert into reviews (id, user_id, product_id, date_submitted, rating, review, votes, helpfulness, shop_id) values (494, 60, 89, '03/05/2018', 4, 'magnis dis parturient montes nascetur ridiculus mus etiam vel augue vestibulum rutrum rutrum', 146, -118, 4);
insert into reviews (id, user_id, product_id, date_submitted, rating, review, votes, helpfulness, shop_id) values (495, 31, 41, '08/05/2017', 1, 'lectus aliquam sit amet diam in magna bibendum imperdiet nullam orci pede venenatis', 4, 1, 4);
insert into reviews (id, user_id, product_id, date_submitted, rating, review, votes, helpfulness, shop_id) values (496, 89, 74, '01/07/2018', 5, 'ac consequat metus sapien ut nunc vestibulum ante ipsum primis', 8, 5, 9);
insert into reviews (id, user_id, product_id, date_submitted, rating, review, votes, helpfulness, shop_id) values (497, 22, 30, '09/06/2017', 3, 'mattis egestas metus aenean fermentum donec ut mauris eget massa tempor convallis', 81, 62, 2);
insert into reviews (id, user_id, product_id, date_submitted, rating, review, votes, helpfulness, shop_id) values (498, 23, 28, '05/20/2018', 2, 'et ultrices posuere cubilia curae mauris viverra diam vitae quam suspendisse potenti nullam porttitor', 114, 106, 2);
insert into reviews (id, user_id, product_id, date_submitted, rating, review, votes, helpfulness, shop_id) values (499, 15, 35, '06/06/2017', 1, 'duis ac nibh fusce lacus purus aliquet at feugiat non pretium quis lectus suspendisse potenti in', 58, 10, 8);
insert into reviews (id, user_id, product_id, date_submitted, rating, review, votes, helpfulness, shop_id) values (500, 53, 23, '12/03/2017', 5, 'praesent blandit nam nulla integer pede justo lacinia eget tincidunt eget', 19, 16, 10);
