CREATE DATABASE shop_reviews;

USE shop_reviews;

create table users (
	id INT,
	username VARCHAR(50),
	img_url VARCHAR(100)
);
insert into users (id, username, img_url) values (1, 'gferriere0', 'https://s3-us-west-1.amazonaws.com/front-end-capstone-images/user1.jpg');
insert into users (id, username, img_url) values (2, 'fguillotin1', 'https://s3-us-west-1.amazonaws.com/front-end-capstone-images/user2.jpg');
insert into users (id, username, img_url) values (3, 'lsuggitt2', 'https://s3-us-west-1.amazonaws.com/front-end-capstone-images/user3.jpg');
insert into users (id, username, img_url) values (4, 'dkadwallider3', 'https://s3-us-west-1.amazonaws.com/front-end-capstone-images/user4.jpg');
insert into users (id, username, img_url) values (5, 'rwelford4', 'https://s3-us-west-1.amazonaws.com/front-end-capstone-images/user5.jpg');
insert into users (id, username, img_url) values (6, 'srumens5', 'https://s3-us-west-1.amazonaws.com/front-end-capstone-images/user6.jpg');
insert into users (id, username, img_url) values (7, 'jofficer6', 'https://s3-us-west-1.amazonaws.com/front-end-capstone-images/user7.jpg');
insert into users (id, username, img_url) values (8, 'lmaffia7', 'https://s3-us-west-1.amazonaws.com/front-end-capstone-images/user8.jpg');
insert into users (id, username, img_url) values (9, 'spoone8', 'https://s3-us-west-1.amazonaws.com/front-end-capstone-images/user9.jpg');
insert into users (id, username, img_url) values (10, 'dhansley9', 'https://s3-us-west-1.amazonaws.com/front-end-capstone-images/user10.jpg');
insert into users (id, username, img_url) values (11, 'amabea', 'https://s3-us-west-1.amazonaws.com/front-end-capstone-images/user11.jpg');
insert into users (id, username, img_url) values (12, 'csteereb', 'https://s3-us-west-1.amazonaws.com/front-end-capstone-images/user12.jpg');
insert into users (id, username, img_url) values (13, 'aleirmonthc', 'https://s3-us-west-1.amazonaws.com/front-end-capstone-images/user13.jpg');
insert into users (id, username, img_url) values (14, 'aglaysherd', 'https://s3-us-west-1.amazonaws.com/front-end-capstone-images/user14.jpg');
insert into users (id, username, img_url) values (15, 'cstolberge', 'https://s3-us-west-1.amazonaws.com/front-end-capstone-images/user15.jpg');
insert into users (id, username, img_url) values (16, 'vweatherburnf', 'https://s3-us-west-1.amazonaws.com/front-end-capstone-images/user16.jpg');
insert into users (id, username, img_url) values (17, 'ccreging', 'https://s3-us-west-1.amazonaws.com/front-end-capstone-images/user17.jpg');
insert into users (id, username, img_url) values (18, 'riacopettih', 'https://s3-us-west-1.amazonaws.com/front-end-capstone-images/user18.jpg');
insert into users (id, username, img_url) values (19, 'lbarrassi', 'https://s3-us-west-1.amazonaws.com/front-end-capstone-images/user19.jpg');
insert into users (id, username, img_url) values (20, 'dmacclurej', 'https://s3-us-west-1.amazonaws.com/front-end-capstone-images/user20.jpg');
insert into users (id, username, img_url) values (21, 'vgushk', 'https://s3-us-west-1.amazonaws.com/front-end-capstone-images/user21.jpg');
insert into users (id, username, img_url) values (22, 'sogarmenl', 'https://s3-us-west-1.amazonaws.com/front-end-capstone-images/user22.jpg');
insert into users (id, username, img_url) values (23, 'meburnem', 'https://s3-us-west-1.amazonaws.com/front-end-capstone-images/user23.jpg');
insert into users (id, username, img_url) values (24, 'obreckenridgen', 'https://s3-us-west-1.amazonaws.com/front-end-capstone-images/user24.jpg');
insert into users (id, username, img_url) values (25, 'bmenaulto', 'https://s3-us-west-1.amazonaws.com/front-end-capstone-images/user25.jpg');
insert into users (id, username, img_url) values (26, 'amcdoualp', 'https://s3-us-west-1.amazonaws.com/front-end-capstone-images/user26.jpg');
insert into users (id, username, img_url) values (27, 'apenniellq', 'https://s3-us-west-1.amazonaws.com/front-end-capstone-images/user27.jpg');
insert into users (id, username, img_url) values (28, 'bedgingtonr', 'https://s3-us-west-1.amazonaws.com/front-end-capstone-images/user28.jpg');
insert into users (id, username, img_url) values (29, 'smershs', 'https://s3-us-west-1.amazonaws.com/front-end-capstone-images/user29.jpg');
insert into users (id, username, img_url) values (30, 'rgethingst', 'https://s3-us-west-1.amazonaws.com/front-end-capstone-images/user30.jpg');
insert into users (id, username, img_url) values (31, 'jbiggadykeu', 'https://s3-us-west-1.amazonaws.com/front-end-capstone-images/user31.jpg');
insert into users (id, username, img_url) values (32, 'vgrigolonv', 'https://s3-us-west-1.amazonaws.com/front-end-capstone-images/user32.jpg');
insert into users (id, username, img_url) values (33, 'vlampew', 'https://s3-us-west-1.amazonaws.com/front-end-capstone-images/user33.jpg');
insert into users (id, username, img_url) values (34, 'rasquezx', 'https://s3-us-west-1.amazonaws.com/front-end-capstone-images/user34.jpg');
insert into users (id, username, img_url) values (35, 'nferroniy', 'https://s3-us-west-1.amazonaws.com/front-end-capstone-images/user35.jpg');
insert into users (id, username, img_url) values (36, 'lmattosoffz', 'https://s3-us-west-1.amazonaws.com/front-end-capstone-images/user36.jpg');
insert into users (id, username, img_url) values (37, 'gdevennie10', 'https://s3-us-west-1.amazonaws.com/front-end-capstone-images/user37.jpg');
insert into users (id, username, img_url) values (38, 'kcurrell11', 'https://s3-us-west-1.amazonaws.com/front-end-capstone-images/user38.jpg');
insert into users (id, username, img_url) values (39, 'bainsbury12', 'https://s3-us-west-1.amazonaws.com/front-end-capstone-images/user39.jpg');
insert into users (id, username, img_url) values (40, 'bhousby13', 'https://s3-us-west-1.amazonaws.com/front-end-capstone-images/user40.jpg');
insert into users (id, username, img_url) values (41, 'rsedcole14', 'https://s3-us-west-1.amazonaws.com/front-end-capstone-images/user41.jpg');
insert into users (id, username, img_url) values (42, 'jmcquaide15', 'https://s3-us-west-1.amazonaws.com/front-end-capstone-images/user42.jpg');
insert into users (id, username, img_url) values (43, 'jmudie16', 'https://s3-us-west-1.amazonaws.com/front-end-capstone-images/user43.jpg');
insert into users (id, username, img_url) values (44, 'fraikes17', 'https://s3-us-west-1.amazonaws.com/front-end-capstone-images/user44.jpg');
insert into users (id, username, img_url) values (45, 'dribeiro18', 'https://s3-us-west-1.amazonaws.com/front-end-capstone-images/user45.jpg');
insert into users (id, username, img_url) values (46, 'aingliby19', 'https://s3-us-west-1.amazonaws.com/front-end-capstone-images/user46.jpg');
insert into users (id, username, img_url) values (47, 'idrinkall1a', 'https://s3-us-west-1.amazonaws.com/front-end-capstone-images/user47.jpg');
insert into users (id, username, img_url) values (48, 'cdollman1b', 'https://s3-us-west-1.amazonaws.com/front-end-capstone-images/user48.jpg');
insert into users (id, username, img_url) values (49, 'lgerold1c', 'https://s3-us-west-1.amazonaws.com/front-end-capstone-images/user49.jpg');
insert into users (id, username, img_url) values (50, 'rkehir1d', 'https://s3-us-west-1.amazonaws.com/front-end-capstone-images/user50.jpg');
insert into users (id, username, img_url) values (51, 'mwathen1e', 'https://s3-us-west-1.amazonaws.com/front-end-capstone-images/user51.jpg');
insert into users (id, username, img_url) values (52, 'blawton1f', 'https://s3-us-west-1.amazonaws.com/front-end-capstone-images/user52.jpg');
insert into users (id, username, img_url) values (53, 'bkliemchen1g', 'https://s3-us-west-1.amazonaws.com/front-end-capstone-images/user53.jpg');
insert into users (id, username, img_url) values (54, 'mgradon1h', 'https://s3-us-west-1.amazonaws.com/front-end-capstone-images/user54.jpg');
insert into users (id, username, img_url) values (55, 'hsilwood1i', 'https://s3-us-west-1.amazonaws.com/front-end-capstone-images/user55.jpg');
insert into users (id, username, img_url) values (56, 'mfulk1j', 'https://s3-us-west-1.amazonaws.com/front-end-capstone-images/user56.jpg');
insert into users (id, username, img_url) values (57, 'tsterrick1k', 'https://s3-us-west-1.amazonaws.com/front-end-capstone-images/user57.jpg');
insert into users (id, username, img_url) values (58, 'rlornsen1l', 'https://s3-us-west-1.amazonaws.com/front-end-capstone-images/user58.jpg');
insert into users (id, username, img_url) values (59, 'wosboldstone1m', 'https://s3-us-west-1.amazonaws.com/front-end-capstone-images/user59.jpg');
insert into users (id, username, img_url) values (60, 'flunbech1n', 'https://s3-us-west-1.amazonaws.com/front-end-capstone-images/user60.jpg');
insert into users (id, username, img_url) values (61, 'ssuttill1o', 'https://s3-us-west-1.amazonaws.com/front-end-capstone-images/user61.jpg');
insert into users (id, username, img_url) values (62, 'lmorrant1p', 'https://s3-us-west-1.amazonaws.com/front-end-capstone-images/user62.jpg');
insert into users (id, username, img_url) values (63, 'eharlowe1q', 'https://s3-us-west-1.amazonaws.com/front-end-capstone-images/user63.jpg');
insert into users (id, username, img_url) values (64, 'pweekland1r', 'https://s3-us-west-1.amazonaws.com/front-end-capstone-images/user64.jpg');
insert into users (id, username, img_url) values (65, 'alynnett1s', 'https://s3-us-west-1.amazonaws.com/front-end-capstone-images/user65.jpg');
insert into users (id, username, img_url) values (66, 'qcorgenvin1t', 'https://s3-us-west-1.amazonaws.com/front-end-capstone-images/user66.jpg');
insert into users (id, username, img_url) values (67, 'aheadford1u', 'https://s3-us-west-1.amazonaws.com/front-end-capstone-images/user67.jpg');
insert into users (id, username, img_url) values (68, 'dpetyakov1v', 'https://s3-us-west-1.amazonaws.com/front-end-capstone-images/user68.jpg');
insert into users (id, username, img_url) values (69, 'mpatron1w', 'https://s3-us-west-1.amazonaws.com/front-end-capstone-images/user69.jpg');
insert into users (id, username, img_url) values (70, 'mcorrea1x', 'https://s3-us-west-1.amazonaws.com/front-end-capstone-images/user70.jpg');
insert into users (id, username, img_url) values (71, 'anutting1y', 'https://s3-us-west-1.amazonaws.com/front-end-capstone-images/user71.jpg');
insert into users (id, username, img_url) values (72, 'ofitton1z', 'https://s3-us-west-1.amazonaws.com/front-end-capstone-images/user72.jpg');
insert into users (id, username, img_url) values (73, 'rpetrashov20', 'https://s3-us-west-1.amazonaws.com/front-end-capstone-images/user73.jpg');
insert into users (id, username, img_url) values (74, 'ccharlson21', 'https://s3-us-west-1.amazonaws.com/front-end-capstone-images/user74.jpg');
insert into users (id, username, img_url) values (75, 'bgobel22', 'https://s3-us-west-1.amazonaws.com/front-end-capstone-images/user75.jpg');
insert into users (id, username, img_url) values (76, 'fguillou23', 'https://s3-us-west-1.amazonaws.com/front-end-capstone-images/user76.jpg');
insert into users (id, username, img_url) values (77, 'fcarrington24', 'https://s3-us-west-1.amazonaws.com/front-end-capstone-images/user77.jpg');
insert into users (id, username, img_url) values (78, 'pclifford25', 'https://s3-us-west-1.amazonaws.com/front-end-capstone-images/user78.jpg');
insert into users (id, username, img_url) values (79, 'mbannester26', 'https://s3-us-west-1.amazonaws.com/front-end-capstone-images/user79.jpg');
insert into users (id, username, img_url) values (80, 'bzmitrichenko27', 'https://s3-us-west-1.amazonaws.com/front-end-capstone-images/user80.jpg');
insert into users (id, username, img_url) values (81, 'arickis28', 'https://s3-us-west-1.amazonaws.com/front-end-capstone-images/user81.jpg');
insert into users (id, username, img_url) values (82, 'lshipley29', 'https://s3-us-west-1.amazonaws.com/front-end-capstone-images/user82.jpg');
insert into users (id, username, img_url) values (83, 'lhessay2a', 'https://s3-us-west-1.amazonaws.com/front-end-capstone-images/user83.jpg');
insert into users (id, username, img_url) values (84, 'fcannon2b', 'https://s3-us-west-1.amazonaws.com/front-end-capstone-images/user84.jpg');
insert into users (id, username, img_url) values (85, 'bcraiker2c', 'https://s3-us-west-1.amazonaws.com/front-end-capstone-images/user85.jpg');
insert into users (id, username, img_url) values (86, 'lconyer2d', 'https://s3-us-west-1.amazonaws.com/front-end-capstone-images/user86.jpg');
insert into users (id, username, img_url) values (87, 'mduinbleton2e', 'https://s3-us-west-1.amazonaws.com/front-end-capstone-images/user87.jpg');
insert into users (id, username, img_url) values (88, 'lwhiley2f', 'https://s3-us-west-1.amazonaws.com/front-end-capstone-images/user88.jpg');
insert into users (id, username, img_url) values (89, 'oflorey2g', 'https://s3-us-west-1.amazonaws.com/front-end-capstone-images/user89.jpg');
insert into users (id, username, img_url) values (90, 'yniezen2h', 'https://s3-us-west-1.amazonaws.com/front-end-capstone-images/user90.jpg');
insert into users (id, username, img_url) values (91, 'fspyer2i', 'https://s3-us-west-1.amazonaws.com/front-end-capstone-images/user91.jpg');
insert into users (id, username, img_url) values (92, 'egeddes2j', 'https://s3-us-west-1.amazonaws.com/front-end-capstone-images/user92.jpg');
insert into users (id, username, img_url) values (93, 'ctheodoris2k', 'https://s3-us-west-1.amazonaws.com/front-end-capstone-images/user93.jpg');
insert into users (id, username, img_url) values (94, 'npodbury2l', 'https://s3-us-west-1.amazonaws.com/front-end-capstone-images/user94.jpg');
insert into users (id, username, img_url) values (95, 'tlettice2m', 'https://s3-us-west-1.amazonaws.com/front-end-capstone-images/user95.jpg');
insert into users (id, username, img_url) values (96, 'goakman2n', 'https://s3-us-west-1.amazonaws.com/front-end-capstone-images/user96.jpg');
insert into users (id, username, img_url) values (97, 'gdebow2o', 'https://s3-us-west-1.amazonaws.com/front-end-capstone-images/user97.jpg');
insert into users (id, username, img_url) values (98, 'bbalwin2p', 'https://s3-us-west-1.amazonaws.com/front-end-capstone-images/user98.jpg');
insert into users (id, username, img_url) values (99, 'jmckinney2q', 'https://s3-us-west-1.amazonaws.com/front-end-capstone-images/user99.jpg');
insert into users (id, username, img_url) values (100, 'lpavia2r', 'https://s3-us-west-1.amazonaws.com/front-end-capstone-images/user100.jpg');

create table shops (
	id INT,
	shop VARCHAR(50)
);
insert into shops (id, shop) values (1, 'Thoughtblab');
insert into shops (id, shop) values (2, 'InnoZ');
insert into shops (id, shop) values (3, 'Npath');
insert into shops (id, shop) values (4, 'Flipstorm');
insert into shops (id, shop) values (5, 'Skipstorm');
insert into shops (id, shop) values (6, 'Gigashots');
insert into shops (id, shop) values (7, 'Dabvine');
insert into shops (id, shop) values (8, 'Zoomcast');
insert into shops (id, shop) values (9, 'Twimm');
insert into shops (id, shop) values (10, 'Youspan');

create table products (
	id INT,
	product VARCHAR(50),
	img_url VARCHAR(100),
	shop_id INT
);
insert into products (id, product, img_url, shop_id) values (1, 'Trippledex', 'https://s3-us-west-1.amazonaws.com/front-end-capstone-images/product1.jpg', 1);
insert into products (id, product, img_url, shop_id) values (2, 'Temp', 'https://s3-us-west-1.amazonaws.com/front-end-capstone-images/product2.jpg', 1);
insert into products (id, product, img_url, shop_id) values (3, 'Cardify', 'https://s3-us-west-1.amazonaws.com/front-end-capstone-images/product3.jpg', 5);
insert into products (id, product, img_url, shop_id) values (4, 'Subin', 'https://s3-us-west-1.amazonaws.com/front-end-capstone-images/product4.jpg', 5);
insert into products (id, product, img_url, shop_id) values (5, 'Veribet', 'https://s3-us-west-1.amazonaws.com/front-end-capstone-images/product5.jpg', 9);
insert into products (id, product, img_url, shop_id) values (6, 'Overhold', 'https://s3-us-west-1.amazonaws.com/front-end-capstone-images/product6.jpg', 10);
insert into products (id, product, img_url, shop_id) values (7, 'Duobam', 'https://s3-us-west-1.amazonaws.com/front-end-capstone-images/product7.jpg', 9);
insert into products (id, product, img_url, shop_id) values (8, 'Holdlamis', 'https://s3-us-west-1.amazonaws.com/front-end-capstone-images/product8.jpg', 9);
insert into products (id, product, img_url, shop_id) values (9, 'Vagram', 'https://s3-us-west-1.amazonaws.com/front-end-capstone-images/product9.jpg', 3);
insert into products (id, product, img_url, shop_id) values (10, 'Fintone', 'https://s3-us-west-1.amazonaws.com/front-end-capstone-images/product10.jpg', 4);
insert into products (id, product, img_url, shop_id) values (11, 'Greenlam', 'https://s3-us-west-1.amazonaws.com/front-end-capstone-images/product11.jpg', 2);
insert into products (id, product, img_url, shop_id) values (12, 'Stringtough', 'https://s3-us-west-1.amazonaws.com/front-end-capstone-images/product12.jpg', 5);
insert into products (id, product, img_url, shop_id) values (13, 'Stronghold', 'https://s3-us-west-1.amazonaws.com/front-end-capstone-images/product13.jpg', 6);
insert into products (id, product, img_url, shop_id) values (14, 'Aerified', 'https://s3-us-west-1.amazonaws.com/front-end-capstone-images/product14.jpg', 9);
insert into products (id, product, img_url, shop_id) values (15, 'Quo Lux', 'https://s3-us-west-1.amazonaws.com/front-end-capstone-images/product15.jpg', 6);
insert into products (id, product, img_url, shop_id) values (16, 'Matsoft', 'https://s3-us-west-1.amazonaws.com/front-end-capstone-images/product16.jpg', 10);
insert into products (id, product, img_url, shop_id) values (17, 'Stronghold', 'https://s3-us-west-1.amazonaws.com/front-end-capstone-images/product17.jpg', 5);
insert into products (id, product, img_url, shop_id) values (18, 'Solarbreeze', 'https://s3-us-west-1.amazonaws.com/front-end-capstone-images/product18.jpg', 9);
insert into products (id, product, img_url, shop_id) values (19, 'Veribet', 'https://s3-us-west-1.amazonaws.com/front-end-capstone-images/product19.jpg', 8);
insert into products (id, product, img_url, shop_id) values (20, 'Temp', 'https://s3-us-west-1.amazonaws.com/front-end-capstone-images/product20.jpg', 7);
insert into products (id, product, img_url, shop_id) values (21, 'Namfix', 'https://s3-us-west-1.amazonaws.com/front-end-capstone-images/product21.jpg', 2);
insert into products (id, product, img_url, shop_id) values (22, 'Cookley', 'https://s3-us-west-1.amazonaws.com/front-end-capstone-images/product22.jpg', 6);
insert into products (id, product, img_url, shop_id) values (23, 'Veribet', 'https://s3-us-west-1.amazonaws.com/front-end-capstone-images/product23.jpg', 1);
insert into products (id, product, img_url, shop_id) values (24, 'Konklab', 'https://s3-us-west-1.amazonaws.com/front-end-capstone-images/product24.jpg', 3);
insert into products (id, product, img_url, shop_id) values (25, 'Namfix', 'https://s3-us-west-1.amazonaws.com/front-end-capstone-images/product25.jpg', 8);
insert into products (id, product, img_url, shop_id) values (26, 'Opela', 'https://s3-us-west-1.amazonaws.com/front-end-capstone-images/product26.jpg', 2);
insert into products (id, product, img_url, shop_id) values (27, 'Stim', 'https://s3-us-west-1.amazonaws.com/front-end-capstone-images/product27.jpg', 3);
insert into products (id, product, img_url, shop_id) values (28, 'Namfix', 'https://s3-us-west-1.amazonaws.com/front-end-capstone-images/product28.jpg', 4);
insert into products (id, product, img_url, shop_id) values (29, 'Cookley', 'https://s3-us-west-1.amazonaws.com/front-end-capstone-images/product29.jpg', 10);
insert into products (id, product, img_url, shop_id) values (30, 'Subin', 'https://s3-us-west-1.amazonaws.com/front-end-capstone-images/product30.jpg', 4);
insert into products (id, product, img_url, shop_id) values (31, 'Sub-Ex', 'https://s3-us-west-1.amazonaws.com/front-end-capstone-images/product31.jpg', 4);
insert into products (id, product, img_url, shop_id) values (32, 'Redhold', 'https://s3-us-west-1.amazonaws.com/front-end-capstone-images/product32.jpg', 9);
insert into products (id, product, img_url, shop_id) values (33, 'Regrant', 'https://s3-us-west-1.amazonaws.com/front-end-capstone-images/product33.jpg', 6);
insert into products (id, product, img_url, shop_id) values (34, 'Quo Lux', 'https://s3-us-west-1.amazonaws.com/front-end-capstone-images/product34.jpg', 2);
insert into products (id, product, img_url, shop_id) values (35, 'Overhold', 'https://s3-us-west-1.amazonaws.com/front-end-capstone-images/product35.jpg', 2);
insert into products (id, product, img_url, shop_id) values (36, 'Bitwolf', 'https://s3-us-west-1.amazonaws.com/front-end-capstone-images/product36.jpg', 10);
insert into products (id, product, img_url, shop_id) values (37, 'Alphazap', 'https://s3-us-west-1.amazonaws.com/front-end-capstone-images/product37.jpg', 3);
insert into products (id, product, img_url, shop_id) values (38, 'Aerified', 'https://s3-us-west-1.amazonaws.com/front-end-capstone-images/product38.jpg', 8);
insert into products (id, product, img_url, shop_id) values (39, 'Quo Lux', 'https://s3-us-west-1.amazonaws.com/front-end-capstone-images/product39.jpg', 6);
insert into products (id, product, img_url, shop_id) values (40, 'Aerified', 'https://s3-us-west-1.amazonaws.com/front-end-capstone-images/product40.jpg', 8);
insert into products (id, product, img_url, shop_id) values (41, 'Tresom', 'https://s3-us-west-1.amazonaws.com/front-end-capstone-images/product41.jpg', 8);
insert into products (id, product, img_url, shop_id) values (42, 'Viva', 'https://s3-us-west-1.amazonaws.com/front-end-capstone-images/product42.jpg', 8);
insert into products (id, product, img_url, shop_id) values (43, 'Asoka', 'https://s3-us-west-1.amazonaws.com/front-end-capstone-images/product43.jpg', 9);
insert into products (id, product, img_url, shop_id) values (44, 'Latlux', 'https://s3-us-west-1.amazonaws.com/front-end-capstone-images/product44.jpg', 9);
insert into products (id, product, img_url, shop_id) values (45, 'Temp', 'https://s3-us-west-1.amazonaws.com/front-end-capstone-images/product45.jpg', 7);
insert into products (id, product, img_url, shop_id) values (46, 'Alpha', 'https://s3-us-west-1.amazonaws.com/front-end-capstone-images/product46.jpg', 6);
insert into products (id, product, img_url, shop_id) values (47, 'Cardguard', 'https://s3-us-west-1.amazonaws.com/front-end-capstone-images/product47.jpg', 9);
insert into products (id, product, img_url, shop_id) values (48, 'Sub-Ex', 'https://s3-us-west-1.amazonaws.com/front-end-capstone-images/product48.jpg', 8);
insert into products (id, product, img_url, shop_id) values (49, 'Opela', 'https://s3-us-west-1.amazonaws.com/front-end-capstone-images/product49.jpg', 6);
insert into products (id, product, img_url, shop_id) values (50, 'Zaam-Dox', 'https://s3-us-west-1.amazonaws.com/front-end-capstone-images/product50.jpg', 6);
insert into products (id, product, img_url, shop_id) values (51, 'Veribet', 'https://s3-us-west-1.amazonaws.com/front-end-capstone-images/product51.jpg', 6);
insert into products (id, product, img_url, shop_id) values (52, 'Otcom', 'https://s3-us-west-1.amazonaws.com/front-end-capstone-images/product52.jpg', 5);
insert into products (id, product, img_url, shop_id) values (53, 'Viva', 'https://s3-us-west-1.amazonaws.com/front-end-capstone-images/product53.jpg', 9);
insert into products (id, product, img_url, shop_id) values (54, 'Ventosanzap', 'https://s3-us-west-1.amazonaws.com/front-end-capstone-images/product54.jpg', 8);
insert into products (id, product, img_url, shop_id) values (55, 'Bitchip', 'https://s3-us-west-1.amazonaws.com/front-end-capstone-images/product55.jpg', 7);
insert into products (id, product, img_url, shop_id) values (56, 'Temp', 'https://s3-us-west-1.amazonaws.com/front-end-capstone-images/product56.jpg', 2);
insert into products (id, product, img_url, shop_id) values (57, 'Flexidy', 'https://s3-us-west-1.amazonaws.com/front-end-capstone-images/product57.jpg', 8);
insert into products (id, product, img_url, shop_id) values (58, 'Toughjoyfax', 'https://s3-us-west-1.amazonaws.com/front-end-capstone-images/product58.jpg', 5);
insert into products (id, product, img_url, shop_id) values (59, 'Bitchip', 'https://s3-us-west-1.amazonaws.com/front-end-capstone-images/product59.jpg', 7);
insert into products (id, product, img_url, shop_id) values (60, 'Ventosanzap', 'https://s3-us-west-1.amazonaws.com/front-end-capstone-images/product60.jpg', 9);
insert into products (id, product, img_url, shop_id) values (61, 'Home Ing', 'https://s3-us-west-1.amazonaws.com/front-end-capstone-images/product61.jpg', 6);
insert into products (id, product, img_url, shop_id) values (62, 'Biodex', 'https://s3-us-west-1.amazonaws.com/front-end-capstone-images/product62.jpg', 8);
insert into products (id, product, img_url, shop_id) values (63, 'Bytecard', 'https://s3-us-west-1.amazonaws.com/front-end-capstone-images/product63.jpg', 6);
insert into products (id, product, img_url, shop_id) values (64, 'Lotlux', 'https://s3-us-west-1.amazonaws.com/front-end-capstone-images/product64.jpg', 1);
insert into products (id, product, img_url, shop_id) values (65, 'Regrant', 'https://s3-us-west-1.amazonaws.com/front-end-capstone-images/product65.jpg', 8);
insert into products (id, product, img_url, shop_id) values (66, 'Cardguard', 'https://s3-us-west-1.amazonaws.com/front-end-capstone-images/product66.jpg', 6);
insert into products (id, product, img_url, shop_id) values (67, 'Treeflex', 'https://s3-us-west-1.amazonaws.com/front-end-capstone-images/product67.jpg', 9);
insert into products (id, product, img_url, shop_id) values (68, 'Voltsillam', 'https://s3-us-west-1.amazonaws.com/front-end-capstone-images/product68.jpg', 2);
insert into products (id, product, img_url, shop_id) values (69, 'Trippledex', 'https://s3-us-west-1.amazonaws.com/front-end-capstone-images/product69.jpg', 7);
insert into products (id, product, img_url, shop_id) values (70, 'Tempsoft', 'https://s3-us-west-1.amazonaws.com/front-end-capstone-images/product70.jpg', 10);
insert into products (id, product, img_url, shop_id) values (71, 'Gembucket', 'https://s3-us-west-1.amazonaws.com/front-end-capstone-images/product71.jpg', 3);
insert into products (id, product, img_url, shop_id) values (72, 'Hatity', 'https://s3-us-west-1.amazonaws.com/front-end-capstone-images/product72.jpg', 1);
insert into products (id, product, img_url, shop_id) values (73, 'Ronstring', 'https://s3-us-west-1.amazonaws.com/front-end-capstone-images/product73.jpg', 2);
insert into products (id, product, img_url, shop_id) values (74, 'Sonair', 'https://s3-us-west-1.amazonaws.com/front-end-capstone-images/product74.jpg', 4);
insert into products (id, product, img_url, shop_id) values (75, 'Holdlamis', 'https://s3-us-west-1.amazonaws.com/front-end-capstone-images/product75.jpg', 2);
insert into products (id, product, img_url, shop_id) values (76, 'Bitchip', 'https://s3-us-west-1.amazonaws.com/front-end-capstone-images/product76.jpg', 7);
insert into products (id, product, img_url, shop_id) values (77, 'Overhold', 'https://s3-us-west-1.amazonaws.com/front-end-capstone-images/product77.jpg', 4);
insert into products (id, product, img_url, shop_id) values (78, 'Aerified', 'https://s3-us-west-1.amazonaws.com/front-end-capstone-images/product78.jpg', 8);
insert into products (id, product, img_url, shop_id) values (79, 'Tempsoft', 'https://s3-us-west-1.amazonaws.com/front-end-capstone-images/product79.jpg', 1);
insert into products (id, product, img_url, shop_id) values (80, 'Veribet', 'https://s3-us-west-1.amazonaws.com/front-end-capstone-images/product80.jpg', 2);
insert into products (id, product, img_url, shop_id) values (81, 'Voltsillam', 'https://s3-us-west-1.amazonaws.com/front-end-capstone-images/product81.jpg', 6);
insert into products (id, product, img_url, shop_id) values (82, 'Daltfresh', 'https://s3-us-west-1.amazonaws.com/front-end-capstone-images/product82.jpg', 7);
insert into products (id, product, img_url, shop_id) values (83, 'Redhold', 'https://s3-us-west-1.amazonaws.com/front-end-capstone-images/product83.jpg', 2);
insert into products (id, product, img_url, shop_id) values (84, 'Flowdesk', 'https://s3-us-west-1.amazonaws.com/front-end-capstone-images/product84.jpg', 4);
insert into products (id, product, img_url, shop_id) values (85, 'Trippledex', 'https://s3-us-west-1.amazonaws.com/front-end-capstone-images/product85.jpg', 10);
insert into products (id, product, img_url, shop_id) values (86, 'Tresom', 'https://s3-us-west-1.amazonaws.com/front-end-capstone-images/product86.jpg', 1);
insert into products (id, product, img_url, shop_id) values (87, 'Aerified', 'https://s3-us-west-1.amazonaws.com/front-end-capstone-images/product87.jpg', 1);
insert into products (id, product, img_url, shop_id) values (88, 'Flowdesk', 'https://s3-us-west-1.amazonaws.com/front-end-capstone-images/product88.jpg', 1);
insert into products (id, product, img_url, shop_id) values (89, 'Greenlam', 'https://s3-us-west-1.amazonaws.com/front-end-capstone-images/product89.jpg', 9);
insert into products (id, product, img_url, shop_id) values (90, 'Stronghold', 'https://s3-us-west-1.amazonaws.com/front-end-capstone-images/product90.jpg', 3);
insert into products (id, product, img_url, shop_id) values (91, 'Regrant', 'https://s3-us-west-1.amazonaws.com/front-end-capstone-images/product91.jpg', 5);
insert into products (id, product, img_url, shop_id) values (92, 'Mat Lam Tam', 'https://s3-us-west-1.amazonaws.com/front-end-capstone-images/product92.jpg', 5);
insert into products (id, product, img_url, shop_id) values (93, 'Zaam-Dox', 'https://s3-us-west-1.amazonaws.com/front-end-capstone-images/product93.jpg', 1);
insert into products (id, product, img_url, shop_id) values (94, 'Zathin', 'https://s3-us-west-1.amazonaws.com/front-end-capstone-images/product94.jpg', 9);
insert into products (id, product, img_url, shop_id) values (95, 'Cookley', 'https://s3-us-west-1.amazonaws.com/front-end-capstone-images/product95.jpg', 5);
insert into products (id, product, img_url, shop_id) values (96, 'Zathin', 'https://s3-us-west-1.amazonaws.com/front-end-capstone-images/product96.jpg', 9);
insert into products (id, product, img_url, shop_id) values (97, 'Sonair', 'https://s3-us-west-1.amazonaws.com/front-end-capstone-images/product97.jpg', 3);
insert into products (id, product, img_url, shop_id) values (98, 'Ventosanzap', 'https://s3-us-west-1.amazonaws.com/front-end-capstone-images/product98.jpg', 10);
insert into products (id, product, img_url, shop_id) values (99, 'Konklux', 'https://s3-us-west-1.amazonaws.com/front-end-capstone-images/product99.jpg', 6);
insert into products (id, product, img_url, shop_id) values (100, 'Bytecard', 'https://s3-us-west-1.amazonaws.com/front-end-capstone-images/product100.jpg', 10);

create table reviews (
	id INT,
	product_id INT,
	shop_id INT,
	review TEXT,
	date_submitted VARCHAR(15),
	rating INT,
	votes INT,
	helpfulness INT
);
insert into reviews (id, product_id, shop_id, review, date_submitted, rating, votes, helpfulness) values (1, 14, 3, 'nulla sed vel enim sit amet nunc viverra dapibus nulla suscipit ligula in lacus curabitur at', '11/04/2017', 2, 40, 1);
insert into reviews (id, product_id, shop_id, review, date_submitted, rating, votes, helpfulness) values (2, 91, 5, 'quis augue luctus tincidunt nulla mollis molestie lorem quisque ut erat curabitur', '09/06/2017', 4, 130, 15);
insert into reviews (id, product_id, shop_id, review, date_submitted, rating, votes, helpfulness) values (3, 94, 6, 'nulla suspendisse potenti cras in purus eu magna vulputate luctus cum sociis natoque', '04/30/2018', 1, 18, 12);
insert into reviews (id, product_id, shop_id, review, date_submitted, rating, votes, helpfulness) values (4, 37, 5, 'maecenas tincidunt lacus at velit vivamus vel nulla eget eros elementum pellentesque quisque porta volutpat erat quisque erat', '10/26/2017', 4, 91, 56);
insert into reviews (id, product_id, shop_id, review, date_submitted, rating, votes, helpfulness) values (5, 70, 2, 'fermentum donec ut mauris eget massa tempor convallis nulla neque libero convallis', '05/06/2018', 3, 112, -106);
insert into reviews (id, product_id, shop_id, review, date_submitted, rating, votes, helpfulness) values (6, 100, 3, 'suscipit ligula in lacus curabitur at ipsum ac tellus semper interdum mauris', '07/16/2017', 1, 119, -101);
insert into reviews (id, product_id, shop_id, review, date_submitted, rating, votes, helpfulness) values (7, 98, 9, 'nulla suspendisse potenti cras in purus eu magna vulputate luctus cum sociis natoque penatibus', '08/04/2017', 5, 97, 95);
insert into reviews (id, product_id, shop_id, review, date_submitted, rating, votes, helpfulness) values (8, 99, 3, 'dictumst maecenas ut massa quis augue luctus tincidunt nulla mollis molestie lorem quisque ut erat curabitur gravida nisi', '06/17/2017', 5, 143, -30);
insert into reviews (id, product_id, shop_id, review, date_submitted, rating, votes, helpfulness) values (9, 37, 4, 'sem duis aliquam convallis nunc proin at turpis a pede posuere nonummy integer non velit donec', '05/27/2018', 1, 44, 28);
insert into reviews (id, product_id, shop_id, review, date_submitted, rating, votes, helpfulness) values (10, 53, 7, 'arcu adipiscing molestie hendrerit at vulputate vitae nisl aenean lectus pellentesque eget nunc donec quis orci eget orci vehicula condimentum', '08/10/2017', 2, 125, -99);
insert into reviews (id, product_id, shop_id, review, date_submitted, rating, votes, helpfulness) values (11, 50, 7, 'nisl nunc rhoncus dui vel sem sed sagittis nam congue risus semper porta volutpat quam pede lobortis', '12/15/2017', 4, 95, 85);
insert into reviews (id, product_id, shop_id, review, date_submitted, rating, votes, helpfulness) values (12, 18, 6, 'nibh in lectus pellentesque at nulla suspendisse potenti cras in purus eu magna', '08/10/2017', 1, 126, -36);
insert into reviews (id, product_id, shop_id, review, date_submitted, rating, votes, helpfulness) values (13, 26, 1, 'porttitor pede justo eu massa donec dapibus duis at velit eu est congue elementum in hac habitasse platea dictumst morbi', '10/11/2017', 2, 17, 0);
insert into reviews (id, product_id, shop_id, review, date_submitted, rating, votes, helpfulness) values (14, 14, 2, 'nibh fusce lacus purus aliquet at feugiat non pretium quis lectus suspendisse potenti in eleifend quam a odio in', '12/11/2017', 2, 117, 2);
insert into reviews (id, product_id, shop_id, review, date_submitted, rating, votes, helpfulness) values (15, 94, 9, 'dictumst maecenas ut massa quis augue luctus tincidunt nulla mollis molestie lorem quisque', '08/02/2017', 3, 86, 64);
insert into reviews (id, product_id, shop_id, review, date_submitted, rating, votes, helpfulness) values (16, 39, 2, 'aliquam lacus morbi quis tortor id nulla ultrices aliquet maecenas leo odio condimentum id luctus nec molestie sed', '03/09/2018', 2, 34, 31);
insert into reviews (id, product_id, shop_id, review, date_submitted, rating, votes, helpfulness) values (17, 90, 6, 'lorem id ligula suspendisse ornare consequat lectus in est risus auctor', '08/16/2017', 5, 134, -98);
insert into reviews (id, product_id, shop_id, review, date_submitted, rating, votes, helpfulness) values (18, 32, 4, 'pulvinar lobortis est phasellus sit amet erat nulla tempus vivamus', '07/28/2017', 2, 22, 15);
insert into reviews (id, product_id, shop_id, review, date_submitted, rating, votes, helpfulness) values (19, 84, 4, 'ac neque duis bibendum morbi non quam nec dui luctus rutrum nulla tellus in sagittis dui', '04/10/2018', 4, 130, -123);
insert into reviews (id, product_id, shop_id, review, date_submitted, rating, votes, helpfulness) values (20, 47, 8, 'eget tincidunt eget tempus vel pede morbi porttitor lorem id ligula suspendisse ornare', '10/18/2017', 1, 149, 142);
insert into reviews (id, product_id, shop_id, review, date_submitted, rating, votes, helpfulness) values (21, 69, 9, 'a suscipit nulla elit ac nulla sed vel enim sit amet nunc viverra', '01/24/2018', 2, 62, -37);
insert into reviews (id, product_id, shop_id, review, date_submitted, rating, votes, helpfulness) values (22, 20, 4, 'mollis molestie lorem quisque ut erat curabitur gravida nisi at nibh in hac', '11/15/2017', 2, 13, 3);
insert into reviews (id, product_id, shop_id, review, date_submitted, rating, votes, helpfulness) values (23, 77, 5, 'massa id nisl venenatis lacinia aenean sit amet justo morbi ut odio cras mi pede malesuada in imperdiet et', '03/17/2018', 5, 93, -34);
insert into reviews (id, product_id, shop_id, review, date_submitted, rating, votes, helpfulness) values (24, 81, 10, 'quam nec dui luctus rutrum nulla tellus in sagittis dui vel nisl duis ac nibh fusce lacus purus aliquet', '02/06/2018', 1, 85, 77);
insert into reviews (id, product_id, shop_id, review, date_submitted, rating, votes, helpfulness) values (25, 58, 9, 'interdum venenatis turpis enim blandit mi in porttitor pede justo eu massa', '11/18/2017', 4, 96, 68);
insert into reviews (id, product_id, shop_id, review, date_submitted, rating, votes, helpfulness) values (26, 91, 1, 'turpis enim blandit mi in porttitor pede justo eu massa donec dapibus duis', '07/22/2017', 1, 100, 71);
insert into reviews (id, product_id, shop_id, review, date_submitted, rating, votes, helpfulness) values (27, 98, 3, 'aenean lectus pellentesque eget nunc donec quis orci eget orci vehicula', '05/28/2018', 1, 96, 90);
insert into reviews (id, product_id, shop_id, review, date_submitted, rating, votes, helpfulness) values (28, 9, 6, 'hac habitasse platea dictumst morbi vestibulum velit id pretium iaculis diam erat fermentum justo nec condimentum neque sapien placerat ante', '04/05/2018', 2, 146, -2);
insert into reviews (id, product_id, shop_id, review, date_submitted, rating, votes, helpfulness) values (29, 98, 6, 'in ante vestibulum ante ipsum primis in faucibus orci luctus et ultrices posuere cubilia curae duis faucibus accumsan', '03/20/2018', 5, 73, -67);
insert into reviews (id, product_id, shop_id, review, date_submitted, rating, votes, helpfulness) values (30, 23, 10, 'est donec odio justo sollicitudin ut suscipit a feugiat et eros vestibulum ac est lacinia nisi venenatis tristique fusce', '03/21/2018', 5, 60, 32);
insert into reviews (id, product_id, shop_id, review, date_submitted, rating, votes, helpfulness) values (31, 44, 9, 'dui vel nisl duis ac nibh fusce lacus purus aliquet at feugiat non pretium quis lectus suspendisse potenti', '07/23/2017', 2, 38, 17);
insert into reviews (id, product_id, shop_id, review, date_submitted, rating, votes, helpfulness) values (32, 56, 7, 'duis mattis egestas metus aenean fermentum donec ut mauris eget massa tempor convallis nulla', '04/03/2018', 3, 138, 137);
insert into reviews (id, product_id, shop_id, review, date_submitted, rating, votes, helpfulness) values (33, 21, 1, 'pellentesque volutpat dui maecenas tristique est et tempus semper est quam pharetra magna', '11/27/2017', 1, 47, 10);
insert into reviews (id, product_id, shop_id, review, date_submitted, rating, votes, helpfulness) values (34, 48, 10, 'nec sem duis aliquam convallis nunc proin at turpis a pede posuere nonummy integer', '08/19/2017', 5, 100, -59);
insert into reviews (id, product_id, shop_id, review, date_submitted, rating, votes, helpfulness) values (35, 85, 9, 'tortor sollicitudin mi sit amet lobortis sapien sapien non mi integer ac neque duis bibendum morbi non quam', '05/18/2018', 3, 107, 53);
insert into reviews (id, product_id, shop_id, review, date_submitted, rating, votes, helpfulness) values (36, 29, 6, 'placerat praesent blandit nam nulla integer pede justo lacinia eget tincidunt', '10/25/2017', 3, 129, 71);
insert into reviews (id, product_id, shop_id, review, date_submitted, rating, votes, helpfulness) values (37, 90, 8, 'vitae nisi nam ultrices libero non mattis pulvinar nulla pede ullamcorper augue', '12/08/2017', 5, 114, -70);
insert into reviews (id, product_id, shop_id, review, date_submitted, rating, votes, helpfulness) values (38, 2, 2, 'morbi sem mauris laoreet ut rhoncus aliquet pulvinar sed nisl nunc rhoncus dui vel sem sed sagittis nam congue', '05/09/2018', 5, 105, 9);
insert into reviews (id, product_id, shop_id, review, date_submitted, rating, votes, helpfulness) values (39, 28, 8, 'eu interdum eu tincidunt in leo maecenas pulvinar lobortis est phasellus', '01/15/2018', 1, 72, -20);
insert into reviews (id, product_id, shop_id, review, date_submitted, rating, votes, helpfulness) values (40, 100, 4, 'sed tincidunt eu felis fusce posuere felis sed lacus morbi sem', '05/03/2018', 5, 64, 3);
insert into reviews (id, product_id, shop_id, review, date_submitted, rating, votes, helpfulness) values (41, 99, 2, 'mattis egestas metus aenean fermentum donec ut mauris eget massa tempor convallis nulla neque libero convallis eget eleifend luctus', '10/25/2017', 5, 79, 14);
insert into reviews (id, product_id, shop_id, review, date_submitted, rating, votes, helpfulness) values (42, 59, 5, 'lectus in quam fringilla rhoncus mauris enim leo rhoncus sed vestibulum sit', '02/18/2018', 4, 2, 0);
insert into reviews (id, product_id, shop_id, review, date_submitted, rating, votes, helpfulness) values (43, 70, 6, 'maecenas rhoncus aliquam lacus morbi quis tortor id nulla ultrices aliquet maecenas leo odio condimentum id luctus nec molestie', '09/07/2017', 4, 127, 12);
insert into reviews (id, product_id, shop_id, review, date_submitted, rating, votes, helpfulness) values (44, 88, 4, 'libero ut massa volutpat convallis morbi odio odio elementum eu interdum', '10/17/2017', 1, 44, 33);
insert into reviews (id, product_id, shop_id, review, date_submitted, rating, votes, helpfulness) values (45, 89, 9, 'nec nisi vulputate nonummy maecenas tincidunt lacus at velit vivamus vel', '11/17/2017', 5, 57, 2);
insert into reviews (id, product_id, shop_id, review, date_submitted, rating, votes, helpfulness) values (46, 93, 5, 'turpis integer aliquet massa id lobortis convallis tortor risus dapibus augue vel accumsan tellus nisi eu orci', '04/17/2018', 1, 34, -20);
insert into reviews (id, product_id, shop_id, review, date_submitted, rating, votes, helpfulness) values (47, 38, 4, 'ut massa quis augue luctus tincidunt nulla mollis molestie lorem quisque ut erat curabitur gravida nisi at nibh in', '10/28/2017', 4, 127, 7);
insert into reviews (id, product_id, shop_id, review, date_submitted, rating, votes, helpfulness) values (48, 61, 1, 'consequat dui nec nisi volutpat eleifend donec ut dolor morbi', '10/18/2017', 2, 102, -73);
insert into reviews (id, product_id, shop_id, review, date_submitted, rating, votes, helpfulness) values (49, 51, 9, 'leo maecenas pulvinar lobortis est phasellus sit amet erat nulla tempus vivamus in felis eu sapien cursus vestibulum proin', '05/16/2018', 2, 117, 49);
insert into reviews (id, product_id, shop_id, review, date_submitted, rating, votes, helpfulness) values (50, 90, 8, 'nascetur ridiculus mus vivamus vestibulum sagittis sapien cum sociis natoque penatibus et magnis dis parturient montes nascetur ridiculus mus', '08/31/2017', 4, 84, 6);
insert into reviews (id, product_id, shop_id, review, date_submitted, rating, votes, helpfulness) values (51, 22, 3, 'porttitor lacus at turpis donec posuere metus vitae ipsum aliquam non mauris morbi non', '09/19/2017', 4, 36, 14);
insert into reviews (id, product_id, shop_id, review, date_submitted, rating, votes, helpfulness) values (52, 27, 1, 'lectus vestibulum quam sapien varius ut blandit non interdum in ante vestibulum ante ipsum primis in faucibus orci luctus et', '04/17/2018', 1, 95, 56);
insert into reviews (id, product_id, shop_id, review, date_submitted, rating, votes, helpfulness) values (53, 64, 10, 'blandit nam nulla integer pede justo lacinia eget tincidunt eget tempus vel pede morbi porttitor lorem id', '03/05/2018', 1, 25, 18);
insert into reviews (id, product_id, shop_id, review, date_submitted, rating, votes, helpfulness) values (54, 15, 7, 'potenti cras in purus eu magna vulputate luctus cum sociis natoque penatibus et magnis dis parturient montes nascetur ridiculus', '12/07/2017', 1, 91, -67);
insert into reviews (id, product_id, shop_id, review, date_submitted, rating, votes, helpfulness) values (55, 30, 2, 'aliquet ultrices erat tortor sollicitudin mi sit amet lobortis sapien sapien', '05/13/2018', 5, 8, 0);
insert into reviews (id, product_id, shop_id, review, date_submitted, rating, votes, helpfulness) values (56, 19, 6, 'congue diam id ornare imperdiet sapien urna pretium nisl ut volutpat sapien arcu sed augue aliquam erat', '07/20/2017', 5, 40, 17);
insert into reviews (id, product_id, shop_id, review, date_submitted, rating, votes, helpfulness) values (57, 88, 10, 'lobortis convallis tortor risus dapibus augue vel accumsan tellus nisi eu orci mauris lacinia sapien', '08/15/2017', 5, 41, 10);
insert into reviews (id, product_id, shop_id, review, date_submitted, rating, votes, helpfulness) values (58, 39, 8, 'curabitur convallis duis consequat dui nec nisi volutpat eleifend donec ut dolor', '01/03/2018', 1, 98, 11);
insert into reviews (id, product_id, shop_id, review, date_submitted, rating, votes, helpfulness) values (59, 60, 8, 'pede lobortis ligula sit amet eleifend pede libero quis orci nullam molestie nibh in lectus pellentesque', '09/03/2017', 1, 58, 22);
insert into reviews (id, product_id, shop_id, review, date_submitted, rating, votes, helpfulness) values (60, 32, 2, 'ultrices posuere cubilia curae nulla dapibus dolor vel est donec odio justo sollicitudin ut', '05/06/2018', 5, 63, -11);
insert into reviews (id, product_id, shop_id, review, date_submitted, rating, votes, helpfulness) values (61, 3, 7, 'nisl nunc nisl duis bibendum felis sed interdum venenatis turpis enim blandit mi in', '02/23/2018', 4, 96, 86);
insert into reviews (id, product_id, shop_id, review, date_submitted, rating, votes, helpfulness) values (62, 18, 8, 'donec ut mauris eget massa tempor convallis nulla neque libero convallis eget', '06/17/2017', 3, 29, 19);
insert into reviews (id, product_id, shop_id, review, date_submitted, rating, votes, helpfulness) values (63, 86, 5, 'sapien ut nunc vestibulum ante ipsum primis in faucibus orci luctus et ultrices posuere cubilia curae mauris viverra diam', '09/07/2017', 3, 101, 97);
insert into reviews (id, product_id, shop_id, review, date_submitted, rating, votes, helpfulness) values (64, 58, 9, 'dignissim vestibulum vestibulum ante ipsum primis in faucibus orci luctus et ultrices posuere cubilia curae', '04/03/2018', 5, 16, 0);
insert into reviews (id, product_id, shop_id, review, date_submitted, rating, votes, helpfulness) values (65, 82, 7, 'tellus nisi eu orci mauris lacinia sapien quis libero nullam sit amet turpis elementum ligula vehicula consequat morbi', '12/27/2017', 5, 41, 20);
insert into reviews (id, product_id, shop_id, review, date_submitted, rating, votes, helpfulness) values (66, 96, 2, 'turpis adipiscing lorem vitae mattis nibh ligula nec sem duis aliquam convallis nunc proin at turpis', '07/30/2017', 1, 17, 13);
insert into reviews (id, product_id, shop_id, review, date_submitted, rating, votes, helpfulness) values (67, 59, 2, 'cubilia curae mauris viverra diam vitae quam suspendisse potenti nullam porttitor lacus at turpis donec posuere metus vitae ipsum aliquam', '06/06/2017', 1, 93, -8);
insert into reviews (id, product_id, shop_id, review, date_submitted, rating, votes, helpfulness) values (68, 81, 9, 'in quis justo maecenas rhoncus aliquam lacus morbi quis tortor', '01/07/2018', 2, 24, 10);
insert into reviews (id, product_id, shop_id, review, date_submitted, rating, votes, helpfulness) values (69, 5, 2, 'lorem id ligula suspendisse ornare consequat lectus in est risus auctor sed tristique in tempus sit', '09/15/2017', 5, 102, -69);
insert into reviews (id, product_id, shop_id, review, date_submitted, rating, votes, helpfulness) values (70, 88, 7, 'aliquam sit amet diam in magna bibendum imperdiet nullam orci', '02/28/2018', 4, 63, 49);
insert into reviews (id, product_id, shop_id, review, date_submitted, rating, votes, helpfulness) values (71, 38, 5, 'amet lobortis sapien sapien non mi integer ac neque duis bibendum morbi non quam nec dui luctus rutrum', '07/24/2017', 3, 41, 17);
insert into reviews (id, product_id, shop_id, review, date_submitted, rating, votes, helpfulness) values (72, 70, 10, 'in congue etiam justo etiam pretium iaculis justo in hac habitasse platea dictumst', '06/30/2017', 4, 1, 0);
insert into reviews (id, product_id, shop_id, review, date_submitted, rating, votes, helpfulness) values (73, 8, 7, 'sit amet lobortis sapien sapien non mi integer ac neque duis bibendum morbi non quam nec dui', '04/15/2018', 2, 119, 103);
insert into reviews (id, product_id, shop_id, review, date_submitted, rating, votes, helpfulness) values (74, 95, 1, 'at turpis a pede posuere nonummy integer non velit donec diam neque vestibulum eget vulputate', '07/25/2017', 4, 67, 46);
insert into reviews (id, product_id, shop_id, review, date_submitted, rating, votes, helpfulness) values (75, 90, 1, 'morbi non quam nec dui luctus rutrum nulla tellus in sagittis dui vel nisl duis ac nibh', '04/18/2018', 2, 23, 18);
insert into reviews (id, product_id, shop_id, review, date_submitted, rating, votes, helpfulness) values (76, 74, 8, 'lacinia nisi venenatis tristique fusce congue diam id ornare imperdiet sapien', '10/05/2017', 2, 35, -16);
insert into reviews (id, product_id, shop_id, review, date_submitted, rating, votes, helpfulness) values (77, 50, 3, 'nisl duis bibendum felis sed interdum venenatis turpis enim blandit mi in', '03/25/2018', 4, 90, 3);
insert into reviews (id, product_id, shop_id, review, date_submitted, rating, votes, helpfulness) values (78, 53, 2, 'suscipit ligula in lacus curabitur at ipsum ac tellus semper', '04/21/2018', 2, 45, 40);
insert into reviews (id, product_id, shop_id, review, date_submitted, rating, votes, helpfulness) values (79, 43, 5, 'maecenas leo odio condimentum id luctus nec molestie sed justo pellentesque viverra pede ac diam cras pellentesque volutpat dui', '11/16/2017', 4, 29, 19);
insert into reviews (id, product_id, shop_id, review, date_submitted, rating, votes, helpfulness) values (80, 96, 7, 'lacinia eget tincidunt eget tempus vel pede morbi porttitor lorem id ligula suspendisse', '04/01/2018', 3, 37, 10);
insert into reviews (id, product_id, shop_id, review, date_submitted, rating, votes, helpfulness) values (81, 81, 10, 'molestie hendrerit at vulputate vitae nisl aenean lectus pellentesque eget nunc donec quis', '08/13/2017', 3, 72, -66);
insert into reviews (id, product_id, shop_id, review, date_submitted, rating, votes, helpfulness) values (82, 48, 4, 'eget orci vehicula condimentum curabitur in libero ut massa volutpat convallis', '10/05/2017', 5, 24, 10);
insert into reviews (id, product_id, shop_id, review, date_submitted, rating, votes, helpfulness) values (83, 34, 4, 'sed lacus morbi sem mauris laoreet ut rhoncus aliquet pulvinar sed', '08/15/2017', 4, 69, 12);
insert into reviews (id, product_id, shop_id, review, date_submitted, rating, votes, helpfulness) values (84, 29, 6, 'eget congue eget semper rutrum nulla nunc purus phasellus in felis donec semper', '08/30/2017', 3, 60, 32);
insert into reviews (id, product_id, shop_id, review, date_submitted, rating, votes, helpfulness) values (85, 17, 9, 'nibh in lectus pellentesque at nulla suspendisse potenti cras in purus eu magna vulputate luctus cum sociis natoque', '12/26/2017', 3, 3, 0);
insert into reviews (id, product_id, shop_id, review, date_submitted, rating, votes, helpfulness) values (86, 21, 6, 'quam a odio in hac habitasse platea dictumst maecenas ut massa quis', '12/24/2017', 2, 5, 3);
insert into reviews (id, product_id, shop_id, review, date_submitted, rating, votes, helpfulness) values (87, 74, 5, 'amet eleifend pede libero quis orci nullam molestie nibh in lectus pellentesque at nulla suspendisse potenti cras in', '01/27/2018', 2, 81, 20);
insert into reviews (id, product_id, shop_id, review, date_submitted, rating, votes, helpfulness) values (88, 5, 8, 'pellentesque viverra pede ac diam cras pellentesque volutpat dui maecenas tristique est et tempus semper est quam pharetra magna', '08/02/2017', 5, 48, 22);
insert into reviews (id, product_id, shop_id, review, date_submitted, rating, votes, helpfulness) values (89, 50, 6, 'turpis donec posuere metus vitae ipsum aliquam non mauris morbi non lectus aliquam sit amet diam', '06/01/2017', 1, 150, -107);
insert into reviews (id, product_id, shop_id, review, date_submitted, rating, votes, helpfulness) values (90, 89, 4, 'non velit nec nisi vulputate nonummy maecenas tincidunt lacus at velit vivamus', '06/25/2017', 2, 94, 22);
insert into reviews (id, product_id, shop_id, review, date_submitted, rating, votes, helpfulness) values (91, 12, 6, 'adipiscing lorem vitae mattis nibh ligula nec sem duis aliquam convallis nunc proin at turpis a', '02/22/2018', 1, 119, 46);
insert into reviews (id, product_id, shop_id, review, date_submitted, rating, votes, helpfulness) values (92, 55, 6, 'velit donec diam neque vestibulum eget vulputate ut ultrices vel', '07/09/2017', 3, 79, 23);
insert into reviews (id, product_id, shop_id, review, date_submitted, rating, votes, helpfulness) values (93, 93, 9, 'volutpat convallis morbi odio odio elementum eu interdum eu tincidunt in leo', '03/24/2018', 1, 99, 74);
insert into reviews (id, product_id, shop_id, review, date_submitted, rating, votes, helpfulness) values (94, 81, 3, 'est quam pharetra magna ac consequat metus sapien ut nunc vestibulum ante ipsum primis in faucibus', '11/01/2017', 2, 113, -39);
insert into reviews (id, product_id, shop_id, review, date_submitted, rating, votes, helpfulness) values (95, 6, 2, 'eget semper rutrum nulla nunc purus phasellus in felis donec semper sapien', '03/07/2018', 1, 35, -15);
insert into reviews (id, product_id, shop_id, review, date_submitted, rating, votes, helpfulness) values (96, 87, 2, 'parturient montes nascetur ridiculus mus etiam vel augue vestibulum rutrum', '11/15/2017', 2, 147, 93);
insert into reviews (id, product_id, shop_id, review, date_submitted, rating, votes, helpfulness) values (97, 77, 4, 'massa tempor convallis nulla neque libero convallis eget eleifend luctus', '03/26/2018', 3, 111, 7);
insert into reviews (id, product_id, shop_id, review, date_submitted, rating, votes, helpfulness) values (98, 60, 8, 'donec odio justo sollicitudin ut suscipit a feugiat et eros vestibulum ac est lacinia nisi venenatis', '10/11/2017', 3, 150, 33);
insert into reviews (id, product_id, shop_id, review, date_submitted, rating, votes, helpfulness) values (99, 29, 5, 'nulla tellus in sagittis dui vel nisl duis ac nibh fusce lacus purus aliquet at feugiat non pretium quis lectus', '06/22/2017', 5, 57, 35);
insert into reviews (id, product_id, shop_id, review, date_submitted, rating, votes, helpfulness) values (100, 80, 2, 'nisi vulputate nonummy maecenas tincidunt lacus at velit vivamus vel nulla eget eros elementum', '08/25/2017', 3, 92, 64);
insert into reviews (id, product_id, shop_id, review, date_submitted, rating, votes, helpfulness) values (101, 68, 8, 'at turpis donec posuere metus vitae ipsum aliquam non mauris morbi non lectus aliquam sit amet diam in', '10/29/2017', 4, 96, -38);
insert into reviews (id, product_id, shop_id, review, date_submitted, rating, votes, helpfulness) values (102, 56, 9, 'vel est donec odio justo sollicitudin ut suscipit a feugiat et eros vestibulum ac est lacinia nisi venenatis tristique fusce', '05/30/2018', 4, 7, 1);
insert into reviews (id, product_id, shop_id, review, date_submitted, rating, votes, helpfulness) values (103, 6, 5, 'augue quam sollicitudin vitae consectetuer eget rutrum at lorem integer tincidunt ante', '06/06/2017', 2, 68, -62);
insert into reviews (id, product_id, shop_id, review, date_submitted, rating, votes, helpfulness) values (104, 21, 6, 'mi in porttitor pede justo eu massa donec dapibus duis at velit eu est congue elementum', '08/02/2017', 5, 54, 11);
insert into reviews (id, product_id, shop_id, review, date_submitted, rating, votes, helpfulness) values (105, 88, 1, 'odio in hac habitasse platea dictumst maecenas ut massa quis augue luctus tincidunt nulla mollis molestie lorem quisque ut erat', '09/22/2017', 5, 33, 24);
insert into reviews (id, product_id, shop_id, review, date_submitted, rating, votes, helpfulness) values (106, 57, 5, 'eu felis fusce posuere felis sed lacus morbi sem mauris laoreet ut rhoncus', '06/08/2017', 3, 42, 12);
insert into reviews (id, product_id, shop_id, review, date_submitted, rating, votes, helpfulness) values (107, 94, 6, 'duis faucibus accumsan odio curabitur convallis duis consequat dui nec nisi volutpat eleifend donec ut dolor morbi vel lectus in', '10/03/2017', 4, 100, -75);
insert into reviews (id, product_id, shop_id, review, date_submitted, rating, votes, helpfulness) values (108, 53, 8, 'turpis nec euismod scelerisque quam turpis adipiscing lorem vitae mattis nibh ligula nec', '01/20/2018', 4, 28, 5);
insert into reviews (id, product_id, shop_id, review, date_submitted, rating, votes, helpfulness) values (109, 11, 4, 'lectus vestibulum quam sapien varius ut blandit non interdum in ante vestibulum ante', '05/08/2018', 3, 140, 45);
insert into reviews (id, product_id, shop_id, review, date_submitted, rating, votes, helpfulness) values (110, 46, 1, 'libero nullam sit amet turpis elementum ligula vehicula consequat morbi a ipsum integer a nibh in quis', '07/31/2017', 1, 138, 21);
insert into reviews (id, product_id, shop_id, review, date_submitted, rating, votes, helpfulness) values (111, 86, 2, 'pede libero quis orci nullam molestie nibh in lectus pellentesque at nulla suspendisse potenti cras in', '03/15/2018', 1, 94, 14);
insert into reviews (id, product_id, shop_id, review, date_submitted, rating, votes, helpfulness) values (112, 93, 5, 'sit amet nunc viverra dapibus nulla suscipit ligula in lacus curabitur at', '01/29/2018', 4, 148, 60);
insert into reviews (id, product_id, shop_id, review, date_submitted, rating, votes, helpfulness) values (113, 56, 4, 'ipsum dolor sit amet consectetuer adipiscing elit proin interdum mauris non ligula pellentesque ultrices phasellus id sapien', '04/28/2018', 5, 148, -106);
insert into reviews (id, product_id, shop_id, review, date_submitted, rating, votes, helpfulness) values (114, 54, 9, 'arcu sed augue aliquam erat volutpat in congue etiam justo etiam pretium iaculis justo', '08/20/2017', 4, 115, -105);
insert into reviews (id, product_id, shop_id, review, date_submitted, rating, votes, helpfulness) values (115, 67, 2, 'vel nulla eget eros elementum pellentesque quisque porta volutpat erat quisque erat eros viverra eget', '09/10/2017', 5, 115, 66);
insert into reviews (id, product_id, shop_id, review, date_submitted, rating, votes, helpfulness) values (116, 34, 2, 'ipsum dolor sit amet consectetuer adipiscing elit proin risus praesent lectus vestibulum quam sapien varius ut', '05/02/2018', 2, 43, -7);
insert into reviews (id, product_id, shop_id, review, date_submitted, rating, votes, helpfulness) values (117, 97, 6, 'cubilia curae duis faucibus accumsan odio curabitur convallis duis consequat dui nec nisi volutpat eleifend donec ut dolor', '06/27/2017', 3, 63, 11);
insert into reviews (id, product_id, shop_id, review, date_submitted, rating, votes, helpfulness) values (118, 37, 1, 'risus auctor sed tristique in tempus sit amet sem fusce consequat nulla nisl nunc nisl duis bibendum felis', '09/15/2017', 3, 137, -100);
insert into reviews (id, product_id, shop_id, review, date_submitted, rating, votes, helpfulness) values (119, 35, 6, 'eget tincidunt eget tempus vel pede morbi porttitor lorem id ligula suspendisse ornare', '08/27/2017', 1, 10, 1);
insert into reviews (id, product_id, shop_id, review, date_submitted, rating, votes, helpfulness) values (120, 97, 4, 'tristique in tempus sit amet sem fusce consequat nulla nisl nunc nisl duis bibendum felis sed interdum', '01/02/2018', 2, 125, -13);
insert into reviews (id, product_id, shop_id, review, date_submitted, rating, votes, helpfulness) values (121, 96, 9, 'pretium quis lectus suspendisse potenti in eleifend quam a odio in hac habitasse platea dictumst maecenas', '06/17/2017', 2, 38, 33);
insert into reviews (id, product_id, shop_id, review, date_submitted, rating, votes, helpfulness) values (122, 52, 7, 'sapien in sapien iaculis congue vivamus metus arcu adipiscing molestie hendrerit at vulputate vitae nisl aenean', '05/24/2018', 2, 143, -136);
insert into reviews (id, product_id, shop_id, review, date_submitted, rating, votes, helpfulness) values (123, 95, 7, 'vestibulum vestibulum ante ipsum primis in faucibus orci luctus et ultrices posuere cubilia curae nulla dapibus dolor vel est donec', '02/07/2018', 1, 117, -11);
insert into reviews (id, product_id, shop_id, review, date_submitted, rating, votes, helpfulness) values (124, 6, 2, 'suspendisse potenti nullam porttitor lacus at turpis donec posuere metus vitae ipsum aliquam non mauris', '09/21/2017', 2, 150, 111);
insert into reviews (id, product_id, shop_id, review, date_submitted, rating, votes, helpfulness) values (125, 95, 8, 'a ipsum integer a nibh in quis justo maecenas rhoncus aliquam lacus morbi quis tortor id nulla ultrices aliquet', '01/06/2018', 4, 46, 28);
insert into reviews (id, product_id, shop_id, review, date_submitted, rating, votes, helpfulness) values (126, 58, 7, 'in congue etiam justo etiam pretium iaculis justo in hac habitasse platea dictumst', '04/05/2018', 2, 108, -83);
insert into reviews (id, product_id, shop_id, review, date_submitted, rating, votes, helpfulness) values (127, 77, 8, 'neque libero convallis eget eleifend luctus ultricies eu nibh quisque id justo sit amet sapien dignissim vestibulum', '04/21/2018', 1, 83, -56);
insert into reviews (id, product_id, shop_id, review, date_submitted, rating, votes, helpfulness) values (128, 74, 3, 'sodales scelerisque mauris sit amet eros suspendisse accumsan tortor quis turpis sed ante vivamus tortor duis mattis egestas', '04/06/2018', 2, 39, 9);
insert into reviews (id, product_id, shop_id, review, date_submitted, rating, votes, helpfulness) values (129, 17, 6, 'et commodo vulputate justo in blandit ultrices enim lorem ipsum', '06/12/2017', 2, 128, 107);
insert into reviews (id, product_id, shop_id, review, date_submitted, rating, votes, helpfulness) values (130, 22, 8, 'mattis nibh ligula nec sem duis aliquam convallis nunc proin at turpis a pede posuere nonummy integer non velit', '01/26/2018', 4, 35, 16);
insert into reviews (id, product_id, shop_id, review, date_submitted, rating, votes, helpfulness) values (131, 11, 4, 'natoque penatibus et magnis dis parturient montes nascetur ridiculus mus vivamus vestibulum', '02/26/2018', 2, 25, 16);
insert into reviews (id, product_id, shop_id, review, date_submitted, rating, votes, helpfulness) values (132, 98, 3, 'non pretium quis lectus suspendisse potenti in eleifend quam a', '05/03/2018', 1, 60, 15);
insert into reviews (id, product_id, shop_id, review, date_submitted, rating, votes, helpfulness) values (133, 19, 1, 'vestibulum proin eu mi nulla ac enim in tempor turpis nec euismod scelerisque quam turpis adipiscing lorem vitae mattis nibh', '07/01/2017', 5, 26, 3);
insert into reviews (id, product_id, shop_id, review, date_submitted, rating, votes, helpfulness) values (134, 76, 7, 'suspendisse potenti cras in purus eu magna vulputate luctus cum sociis natoque penatibus et magnis dis parturient montes nascetur', '11/17/2017', 5, 105, 36);
insert into reviews (id, product_id, shop_id, review, date_submitted, rating, votes, helpfulness) values (135, 43, 3, 'vehicula condimentum curabitur in libero ut massa volutpat convallis morbi odio odio elementum eu interdum eu tincidunt in leo', '12/21/2017', 2, 9, 8);
insert into reviews (id, product_id, shop_id, review, date_submitted, rating, votes, helpfulness) values (136, 34, 4, 'donec odio justo sollicitudin ut suscipit a feugiat et eros vestibulum ac', '01/07/2018', 2, 99, 43);
insert into reviews (id, product_id, shop_id, review, date_submitted, rating, votes, helpfulness) values (137, 3, 4, 'pharetra magna ac consequat metus sapien ut nunc vestibulum ante ipsum primis in faucibus', '07/12/2017', 5, 48, 25);
insert into reviews (id, product_id, shop_id, review, date_submitted, rating, votes, helpfulness) values (138, 39, 4, 'ut erat id mauris vulputate elementum nullam varius nulla facilisi cras non velit nec nisi vulputate nonummy', '11/12/2017', 3, 22, 3);
insert into reviews (id, product_id, shop_id, review, date_submitted, rating, votes, helpfulness) values (139, 59, 3, 'duis ac nibh fusce lacus purus aliquet at feugiat non pretium quis lectus suspendisse potenti in eleifend quam', '08/16/2017', 4, 18, 2);
insert into reviews (id, product_id, shop_id, review, date_submitted, rating, votes, helpfulness) values (140, 47, 7, 'et magnis dis parturient montes nascetur ridiculus mus etiam vel augue vestibulum rutrum rutrum neque aenean', '03/28/2018', 5, 58, -33);
insert into reviews (id, product_id, shop_id, review, date_submitted, rating, votes, helpfulness) values (141, 39, 9, 'diam in magna bibendum imperdiet nullam orci pede venenatis non sodales sed tincidunt eu felis', '11/13/2017', 2, 71, 3);
insert into reviews (id, product_id, shop_id, review, date_submitted, rating, votes, helpfulness) values (142, 93, 5, 'rhoncus mauris enim leo rhoncus sed vestibulum sit amet cursus id turpis integer aliquet massa', '12/09/2017', 2, 36, 4);
insert into reviews (id, product_id, shop_id, review, date_submitted, rating, votes, helpfulness) values (143, 69, 10, 'bibendum felis sed interdum venenatis turpis enim blandit mi in porttitor pede justo eu', '12/03/2017', 5, 32, 20);
insert into reviews (id, product_id, shop_id, review, date_submitted, rating, votes, helpfulness) values (144, 11, 6, 'sagittis sapien cum sociis natoque penatibus et magnis dis parturient montes nascetur ridiculus mus', '02/14/2018', 4, 54, 3);
insert into reviews (id, product_id, shop_id, review, date_submitted, rating, votes, helpfulness) values (145, 67, 8, 'eu massa donec dapibus duis at velit eu est congue elementum in hac habitasse platea dictumst morbi vestibulum velit', '03/24/2018', 3, 67, 62);
insert into reviews (id, product_id, shop_id, review, date_submitted, rating, votes, helpfulness) values (146, 53, 2, 'turpis donec posuere metus vitae ipsum aliquam non mauris morbi non lectus aliquam sit amet diam in magna bibendum', '02/06/2018', 3, 16, 0);
insert into reviews (id, product_id, shop_id, review, date_submitted, rating, votes, helpfulness) values (147, 59, 2, 'mattis nibh ligula nec sem duis aliquam convallis nunc proin at turpis a pede posuere nonummy', '12/22/2017', 5, 110, 6);
insert into reviews (id, product_id, shop_id, review, date_submitted, rating, votes, helpfulness) values (148, 33, 7, 'venenatis tristique fusce congue diam id ornare imperdiet sapien urna pretium nisl ut volutpat sapien arcu sed augue aliquam erat', '07/12/2017', 3, 56, -32);
insert into reviews (id, product_id, shop_id, review, date_submitted, rating, votes, helpfulness) values (149, 2, 1, 'odio elementum eu interdum eu tincidunt in leo maecenas pulvinar lobortis est', '06/17/2017', 5, 137, -23);
insert into reviews (id, product_id, shop_id, review, date_submitted, rating, votes, helpfulness) values (150, 26, 8, 'risus praesent lectus vestibulum quam sapien varius ut blandit non interdum in', '03/22/2018', 3, 36, 10);
insert into reviews (id, product_id, shop_id, review, date_submitted, rating, votes, helpfulness) values (151, 5, 3, 'sit amet eleifend pede libero quis orci nullam molestie nibh in lectus pellentesque at nulla suspendisse potenti', '09/02/2017', 1, 28, 6);
insert into reviews (id, product_id, shop_id, review, date_submitted, rating, votes, helpfulness) values (152, 89, 1, 'lectus suspendisse potenti in eleifend quam a odio in hac habitasse platea dictumst maecenas ut massa quis augue', '01/13/2018', 2, 83, 30);
insert into reviews (id, product_id, shop_id, review, date_submitted, rating, votes, helpfulness) values (153, 7, 8, 'suspendisse potenti in eleifend quam a odio in hac habitasse platea dictumst maecenas ut massa quis augue luctus tincidunt nulla', '06/20/2017', 4, 113, -41);
insert into reviews (id, product_id, shop_id, review, date_submitted, rating, votes, helpfulness) values (154, 57, 9, 'mauris ullamcorper purus sit amet nulla quisque arcu libero rutrum ac lobortis vel dapibus at', '01/22/2018', 5, 12, 8);
insert into reviews (id, product_id, shop_id, review, date_submitted, rating, votes, helpfulness) values (155, 54, 8, 'nibh quisque id justo sit amet sapien dignissim vestibulum vestibulum ante ipsum primis in faucibus', '12/18/2017', 5, 119, 49);
insert into reviews (id, product_id, shop_id, review, date_submitted, rating, votes, helpfulness) values (156, 30, 2, 'vel ipsum praesent blandit lacinia erat vestibulum sed magna at nunc commodo placerat praesent blandit nam', '08/28/2017', 2, 67, 5);
insert into reviews (id, product_id, shop_id, review, date_submitted, rating, votes, helpfulness) values (157, 41, 4, 'vulputate ut ultrices vel augue vestibulum ante ipsum primis in faucibus orci', '04/05/2018', 1, 96, -53);
insert into reviews (id, product_id, shop_id, review, date_submitted, rating, votes, helpfulness) values (158, 40, 5, 'nascetur ridiculus mus vivamus vestibulum sagittis sapien cum sociis natoque penatibus et magnis dis parturient montes nascetur', '06/17/2017', 1, 40, 7);
insert into reviews (id, product_id, shop_id, review, date_submitted, rating, votes, helpfulness) values (159, 50, 9, 'in hac habitasse platea dictumst etiam faucibus cursus urna ut tellus nulla ut', '05/14/2018', 4, 54, 20);
insert into reviews (id, product_id, shop_id, review, date_submitted, rating, votes, helpfulness) values (160, 50, 7, 'dui luctus rutrum nulla tellus in sagittis dui vel nisl duis ac nibh fusce lacus purus aliquet', '02/08/2018', 2, 18, 17);
insert into reviews (id, product_id, shop_id, review, date_submitted, rating, votes, helpfulness) values (161, 61, 3, 'habitasse platea dictumst aliquam augue quam sollicitudin vitae consectetuer eget', '10/05/2017', 2, 70, -38);
insert into reviews (id, product_id, shop_id, review, date_submitted, rating, votes, helpfulness) values (162, 16, 3, 'pellentesque eget nunc donec quis orci eget orci vehicula condimentum curabitur in libero ut massa volutpat convallis', '01/14/2018', 5, 104, -58);
insert into reviews (id, product_id, shop_id, review, date_submitted, rating, votes, helpfulness) values (163, 26, 7, 'donec ut mauris eget massa tempor convallis nulla neque libero convallis eget eleifend luctus', '04/18/2018', 1, 84, 40);
insert into reviews (id, product_id, shop_id, review, date_submitted, rating, votes, helpfulness) values (164, 50, 4, 'praesent lectus vestibulum quam sapien varius ut blandit non interdum in ante vestibulum', '03/31/2018', 2, 95, 71);
insert into reviews (id, product_id, shop_id, review, date_submitted, rating, votes, helpfulness) values (165, 22, 6, 'vestibulum sed magna at nunc commodo placerat praesent blandit nam nulla integer pede justo lacinia', '01/10/2018', 3, 98, -13);
insert into reviews (id, product_id, shop_id, review, date_submitted, rating, votes, helpfulness) values (166, 59, 9, 'non interdum in ante vestibulum ante ipsum primis in faucibus orci luctus et ultrices', '08/24/2017', 5, 96, 89);
insert into reviews (id, product_id, shop_id, review, date_submitted, rating, votes, helpfulness) values (167, 37, 10, 'rutrum nulla tellus in sagittis dui vel nisl duis ac nibh fusce lacus purus aliquet at feugiat non', '12/20/2017', 5, 45, -25);
insert into reviews (id, product_id, shop_id, review, date_submitted, rating, votes, helpfulness) values (168, 24, 5, 'tortor id nulla ultrices aliquet maecenas leo odio condimentum id luctus nec molestie sed justo pellentesque viverra pede ac', '09/11/2017', 5, 72, 67);
insert into reviews (id, product_id, shop_id, review, date_submitted, rating, votes, helpfulness) values (169, 2, 2, 'donec dapibus duis at velit eu est congue elementum in hac habitasse', '07/23/2017', 4, 12, 10);
insert into reviews (id, product_id, shop_id, review, date_submitted, rating, votes, helpfulness) values (170, 23, 8, 'nibh fusce lacus purus aliquet at feugiat non pretium quis lectus suspendisse potenti in', '07/31/2017', 5, 69, 50);
insert into reviews (id, product_id, shop_id, review, date_submitted, rating, votes, helpfulness) values (171, 37, 2, 'curae donec pharetra magna vestibulum aliquet ultrices erat tortor sollicitudin mi sit amet lobortis sapien sapien non mi integer ac', '08/31/2017', 5, 26, 13);
insert into reviews (id, product_id, shop_id, review, date_submitted, rating, votes, helpfulness) values (172, 71, 3, 'tortor duis mattis egestas metus aenean fermentum donec ut mauris eget massa tempor convallis nulla neque libero', '06/22/2017', 5, 70, 53);
insert into reviews (id, product_id, shop_id, review, date_submitted, rating, votes, helpfulness) values (173, 62, 2, 'amet nulla quisque arcu libero rutrum ac lobortis vel dapibus at diam nam tristique', '10/28/2017', 5, 68, 37);
insert into reviews (id, product_id, shop_id, review, date_submitted, rating, votes, helpfulness) values (174, 27, 5, 'posuere cubilia curae mauris viverra diam vitae quam suspendisse potenti nullam porttitor lacus at turpis donec posuere', '05/01/2018', 4, 105, 7);
insert into reviews (id, product_id, shop_id, review, date_submitted, rating, votes, helpfulness) values (175, 51, 5, 'sed ante vivamus tortor duis mattis egestas metus aenean fermentum donec ut mauris eget massa', '01/10/2018', 2, 83, -36);
insert into reviews (id, product_id, shop_id, review, date_submitted, rating, votes, helpfulness) values (176, 29, 6, 'et eros vestibulum ac est lacinia nisi venenatis tristique fusce congue diam id ornare imperdiet sapien urna pretium nisl ut', '01/11/2018', 1, 72, 46);
insert into reviews (id, product_id, shop_id, review, date_submitted, rating, votes, helpfulness) values (177, 50, 4, 'sapien cursus vestibulum proin eu mi nulla ac enim in tempor turpis nec', '01/08/2018', 2, 61, 30);
insert into reviews (id, product_id, shop_id, review, date_submitted, rating, votes, helpfulness) values (178, 96, 4, 'convallis tortor risus dapibus augue vel accumsan tellus nisi eu orci mauris lacinia sapien quis libero', '08/26/2017', 2, 31, -3);
insert into reviews (id, product_id, shop_id, review, date_submitted, rating, votes, helpfulness) values (179, 10, 5, 'in ante vestibulum ante ipsum primis in faucibus orci luctus et ultrices posuere cubilia curae duis', '04/10/2018', 3, 49, 12);
insert into reviews (id, product_id, shop_id, review, date_submitted, rating, votes, helpfulness) values (180, 80, 8, 'justo aliquam quis turpis eget elit sodales scelerisque mauris sit amet eros suspendisse', '07/22/2017', 1, 48, 8);
insert into reviews (id, product_id, shop_id, review, date_submitted, rating, votes, helpfulness) values (181, 88, 2, 'lacinia erat vestibulum sed magna at nunc commodo placerat praesent blandit nam nulla integer pede justo lacinia eget tincidunt', '03/27/2018', 1, 59, -30);
insert into reviews (id, product_id, shop_id, review, date_submitted, rating, votes, helpfulness) values (182, 27, 7, 'sapien placerat ante nulla justo aliquam quis turpis eget elit sodales scelerisque mauris sit amet eros suspendisse', '02/14/2018', 5, 93, 73);
insert into reviews (id, product_id, shop_id, review, date_submitted, rating, votes, helpfulness) values (183, 24, 2, 'pede morbi porttitor lorem id ligula suspendisse ornare consequat lectus in est', '12/04/2017', 3, 150, 26);
insert into reviews (id, product_id, shop_id, review, date_submitted, rating, votes, helpfulness) values (184, 79, 2, 'porttitor lorem id ligula suspendisse ornare consequat lectus in est risus auctor sed tristique in tempus sit amet', '10/16/2017', 1, 49, 1);
insert into reviews (id, product_id, shop_id, review, date_submitted, rating, votes, helpfulness) values (185, 13, 2, 'lectus vestibulum quam sapien varius ut blandit non interdum in', '02/04/2018', 5, 26, 20);
insert into reviews (id, product_id, shop_id, review, date_submitted, rating, votes, helpfulness) values (186, 47, 8, 'vel est donec odio justo sollicitudin ut suscipit a feugiat et eros vestibulum ac est lacinia nisi venenatis', '11/05/2017', 2, 141, 53);
insert into reviews (id, product_id, shop_id, review, date_submitted, rating, votes, helpfulness) values (187, 50, 10, 'non velit donec diam neque vestibulum eget vulputate ut ultrices vel augue vestibulum ante', '12/05/2017', 3, 21, -4);
insert into reviews (id, product_id, shop_id, review, date_submitted, rating, votes, helpfulness) values (188, 15, 5, 'donec ut mauris eget massa tempor convallis nulla neque libero convallis eget', '11/23/2017', 3, 33, 32);
insert into reviews (id, product_id, shop_id, review, date_submitted, rating, votes, helpfulness) values (189, 40, 1, 'lacus at turpis donec posuere metus vitae ipsum aliquam non mauris morbi', '05/28/2018', 5, 39, 25);
insert into reviews (id, product_id, shop_id, review, date_submitted, rating, votes, helpfulness) values (190, 64, 2, 'odio condimentum id luctus nec molestie sed justo pellentesque viverra pede ac diam cras pellentesque volutpat dui maecenas', '09/19/2017', 3, 2, 1);
insert into reviews (id, product_id, shop_id, review, date_submitted, rating, votes, helpfulness) values (191, 2, 6, 'dui vel nisl duis ac nibh fusce lacus purus aliquet at feugiat non pretium quis lectus suspendisse potenti', '08/09/2017', 5, 69, 67);
insert into reviews (id, product_id, shop_id, review, date_submitted, rating, votes, helpfulness) values (192, 84, 9, 'viverra dapibus nulla suscipit ligula in lacus curabitur at ipsum ac tellus', '12/23/2017', 4, 45, 5);
insert into reviews (id, product_id, shop_id, review, date_submitted, rating, votes, helpfulness) values (193, 72, 6, 'cum sociis natoque penatibus et magnis dis parturient montes nascetur ridiculus', '07/17/2017', 3, 1, 0);
insert into reviews (id, product_id, shop_id, review, date_submitted, rating, votes, helpfulness) values (194, 22, 6, 'amet diam in magna bibendum imperdiet nullam orci pede venenatis non sodales sed tincidunt eu felis', '06/02/2017', 5, 4, 1);
insert into reviews (id, product_id, shop_id, review, date_submitted, rating, votes, helpfulness) values (195, 46, 7, 'phasellus sit amet erat nulla tempus vivamus in felis eu sapien cursus vestibulum proin eu mi', '10/02/2017', 3, 101, 66);
insert into reviews (id, product_id, shop_id, review, date_submitted, rating, votes, helpfulness) values (196, 92, 6, 'nec condimentum neque sapien placerat ante nulla justo aliquam quis turpis eget elit sodales scelerisque mauris sit', '09/23/2017', 5, 125, 10);
insert into reviews (id, product_id, shop_id, review, date_submitted, rating, votes, helpfulness) values (197, 92, 6, 'rhoncus mauris enim leo rhoncus sed vestibulum sit amet cursus id turpis integer aliquet', '11/01/2017', 5, 8, 0);
insert into reviews (id, product_id, shop_id, review, date_submitted, rating, votes, helpfulness) values (198, 12, 3, 'tincidunt lacus at velit vivamus vel nulla eget eros elementum pellentesque quisque porta', '12/04/2017', 3, 117, 73);
insert into reviews (id, product_id, shop_id, review, date_submitted, rating, votes, helpfulness) values (199, 57, 7, 'velit id pretium iaculis diam erat fermentum justo nec condimentum neque sapien placerat ante', '12/29/2017', 2, 68, 32);
insert into reviews (id, product_id, shop_id, review, date_submitted, rating, votes, helpfulness) values (200, 37, 1, 'porttitor id consequat in consequat ut nulla sed accumsan felis ut at dolor quis odio', '10/09/2017', 1, 115, -19);
insert into reviews (id, product_id, shop_id, review, date_submitted, rating, votes, helpfulness) values (201, 69, 1, 'sollicitudin mi sit amet lobortis sapien sapien non mi integer ac neque duis bibendum', '08/19/2017', 1, 121, -92);
insert into reviews (id, product_id, shop_id, review, date_submitted, rating, votes, helpfulness) values (202, 99, 1, 'risus praesent lectus vestibulum quam sapien varius ut blandit non interdum in ante', '08/17/2017', 4, 38, 27);
insert into reviews (id, product_id, shop_id, review, date_submitted, rating, votes, helpfulness) values (203, 91, 5, 'orci luctus et ultrices posuere cubilia curae duis faucibus accumsan odio curabitur convallis duis consequat dui nec nisi volutpat eleifend', '03/30/2018', 4, 79, 56);
insert into reviews (id, product_id, shop_id, review, date_submitted, rating, votes, helpfulness) values (204, 62, 1, 'etiam vel augue vestibulum rutrum rutrum neque aenean auctor gravida sem praesent id massa id nisl', '06/27/2017', 1, 136, 17);
insert into reviews (id, product_id, shop_id, review, date_submitted, rating, votes, helpfulness) values (205, 8, 3, 'id luctus nec molestie sed justo pellentesque viverra pede ac diam cras pellentesque volutpat', '01/27/2018', 3, 92, 55);
insert into reviews (id, product_id, shop_id, review, date_submitted, rating, votes, helpfulness) values (206, 39, 5, 'tortor sollicitudin mi sit amet lobortis sapien sapien non mi integer ac neque duis bibendum morbi non quam nec dui', '12/04/2017', 4, 71, 21);
insert into reviews (id, product_id, shop_id, review, date_submitted, rating, votes, helpfulness) values (207, 60, 5, 'pretium iaculis diam erat fermentum justo nec condimentum neque sapien placerat ante nulla justo aliquam quis', '09/25/2017', 5, 2, 1);
insert into reviews (id, product_id, shop_id, review, date_submitted, rating, votes, helpfulness) values (208, 78, 8, 'et magnis dis parturient montes nascetur ridiculus mus etiam vel augue vestibulum rutrum rutrum', '02/12/2018', 1, 107, 59);
insert into reviews (id, product_id, shop_id, review, date_submitted, rating, votes, helpfulness) values (209, 98, 1, 'volutpat erat quisque erat eros viverra eget congue eget semper rutrum nulla nunc purus phasellus in felis donec semper sapien', '08/24/2017', 5, 29, 21);
insert into reviews (id, product_id, shop_id, review, date_submitted, rating, votes, helpfulness) values (210, 86, 5, 'tempus semper est quam pharetra magna ac consequat metus sapien ut nunc vestibulum ante ipsum primis', '04/13/2018', 2, 41, 30);
insert into reviews (id, product_id, shop_id, review, date_submitted, rating, votes, helpfulness) values (211, 99, 7, 'dolor quis odio consequat varius integer ac leo pellentesque ultrices mattis odio donec vitae nisi nam', '07/11/2017', 1, 17, 12);
insert into reviews (id, product_id, shop_id, review, date_submitted, rating, votes, helpfulness) values (212, 1, 3, 'sapien varius ut blandit non interdum in ante vestibulum ante ipsum primis', '09/08/2017', 1, 135, 37);
insert into reviews (id, product_id, shop_id, review, date_submitted, rating, votes, helpfulness) values (213, 71, 10, 'consequat lectus in est risus auctor sed tristique in tempus', '11/01/2017', 1, 133, 4);
insert into reviews (id, product_id, shop_id, review, date_submitted, rating, votes, helpfulness) values (214, 73, 10, 'curabitur convallis duis consequat dui nec nisi volutpat eleifend donec ut dolor morbi vel', '04/06/2018', 2, 82, 48);
insert into reviews (id, product_id, shop_id, review, date_submitted, rating, votes, helpfulness) values (215, 76, 5, 'eu sapien cursus vestibulum proin eu mi nulla ac enim in tempor turpis nec euismod', '02/02/2018', 3, 71, 16);
insert into reviews (id, product_id, shop_id, review, date_submitted, rating, votes, helpfulness) values (216, 87, 3, 'eget nunc donec quis orci eget orci vehicula condimentum curabitur in libero ut massa volutpat convallis morbi odio odio elementum', '02/20/2018', 5, 104, 49);
insert into reviews (id, product_id, shop_id, review, date_submitted, rating, votes, helpfulness) values (217, 77, 7, 'nascetur ridiculus mus vivamus vestibulum sagittis sapien cum sociis natoque penatibus et', '03/20/2018', 4, 106, 88);
insert into reviews (id, product_id, shop_id, review, date_submitted, rating, votes, helpfulness) values (218, 56, 1, 'pulvinar sed nisl nunc rhoncus dui vel sem sed sagittis nam congue risus semper porta volutpat quam pede lobortis', '03/19/2018', 3, 45, 43);
insert into reviews (id, product_id, shop_id, review, date_submitted, rating, votes, helpfulness) values (219, 26, 8, 'ultrices posuere cubilia curae nulla dapibus dolor vel est donec odio justo sollicitudin', '04/10/2018', 2, 140, 72);
insert into reviews (id, product_id, shop_id, review, date_submitted, rating, votes, helpfulness) values (220, 91, 6, 'primis in faucibus orci luctus et ultrices posuere cubilia curae duis faucibus accumsan odio curabitur convallis duis', '04/27/2018', 2, 24, 15);
insert into reviews (id, product_id, shop_id, review, date_submitted, rating, votes, helpfulness) values (221, 68, 7, 'odio donec vitae nisi nam ultrices libero non mattis pulvinar', '05/12/2018', 4, 42, -11);
insert into reviews (id, product_id, shop_id, review, date_submitted, rating, votes, helpfulness) values (222, 25, 8, 'sagittis sapien cum sociis natoque penatibus et magnis dis parturient montes nascetur ridiculus mus', '07/17/2017', 2, 83, -7);
insert into reviews (id, product_id, shop_id, review, date_submitted, rating, votes, helpfulness) values (223, 46, 10, 'lacinia sapien quis libero nullam sit amet turpis elementum ligula vehicula consequat morbi', '05/24/2018', 4, 111, 32);
insert into reviews (id, product_id, shop_id, review, date_submitted, rating, votes, helpfulness) values (224, 54, 5, 'mauris enim leo rhoncus sed vestibulum sit amet cursus id turpis integer aliquet massa id lobortis convallis tortor risus dapibus', '07/10/2017', 4, 13, 7);
insert into reviews (id, product_id, shop_id, review, date_submitted, rating, votes, helpfulness) values (225, 62, 6, 'maecenas tristique est et tempus semper est quam pharetra magna ac consequat metus', '06/08/2017', 2, 150, 104);
insert into reviews (id, product_id, shop_id, review, date_submitted, rating, votes, helpfulness) values (226, 2, 1, 'leo rhoncus sed vestibulum sit amet cursus id turpis integer', '11/24/2017', 1, 99, 91);
insert into reviews (id, product_id, shop_id, review, date_submitted, rating, votes, helpfulness) values (227, 76, 9, 'a libero nam dui proin leo odio porttitor id consequat in consequat ut nulla sed', '10/23/2017', 5, 87, -61);
insert into reviews (id, product_id, shop_id, review, date_submitted, rating, votes, helpfulness) values (228, 9, 5, 'condimentum curabitur in libero ut massa volutpat convallis morbi odio odio elementum eu interdum eu tincidunt in leo maecenas pulvinar', '05/15/2018', 4, 120, 28);
insert into reviews (id, product_id, shop_id, review, date_submitted, rating, votes, helpfulness) values (229, 81, 9, 'a libero nam dui proin leo odio porttitor id consequat in consequat ut nulla sed accumsan felis ut', '01/27/2018', 2, 77, 42);
insert into reviews (id, product_id, shop_id, review, date_submitted, rating, votes, helpfulness) values (230, 46, 7, 'euismod scelerisque quam turpis adipiscing lorem vitae mattis nibh ligula nec', '12/08/2017', 1, 95, 89);
insert into reviews (id, product_id, shop_id, review, date_submitted, rating, votes, helpfulness) values (231, 60, 1, 'duis bibendum felis sed interdum venenatis turpis enim blandit mi in porttitor pede justo eu', '01/01/2018', 3, 118, -112);
insert into reviews (id, product_id, shop_id, review, date_submitted, rating, votes, helpfulness) values (232, 37, 6, 'blandit ultrices enim lorem ipsum dolor sit amet consectetuer adipiscing elit proin interdum mauris non ligula pellentesque', '03/02/2018', 4, 77, 10);
insert into reviews (id, product_id, shop_id, review, date_submitted, rating, votes, helpfulness) values (233, 97, 9, 'a nibh in quis justo maecenas rhoncus aliquam lacus morbi quis', '08/02/2017', 1, 105, -64);
insert into reviews (id, product_id, shop_id, review, date_submitted, rating, votes, helpfulness) values (234, 35, 2, 'morbi ut odio cras mi pede malesuada in imperdiet et commodo vulputate justo in blandit ultrices', '11/10/2017', 2, 124, 23);
insert into reviews (id, product_id, shop_id, review, date_submitted, rating, votes, helpfulness) values (235, 8, 7, 'nisl ut volutpat sapien arcu sed augue aliquam erat volutpat in congue etiam justo etiam pretium iaculis justo', '12/27/2017', 5, 46, 20);
insert into reviews (id, product_id, shop_id, review, date_submitted, rating, votes, helpfulness) values (236, 63, 1, 'sapien arcu sed augue aliquam erat volutpat in congue etiam justo etiam pretium iaculis justo in hac habitasse platea', '08/10/2017', 4, 43, 16);
insert into reviews (id, product_id, shop_id, review, date_submitted, rating, votes, helpfulness) values (237, 29, 7, 'penatibus et magnis dis parturient montes nascetur ridiculus mus etiam vel augue vestibulum rutrum rutrum neque aenean', '09/18/2017', 5, 96, 77);
insert into reviews (id, product_id, shop_id, review, date_submitted, rating, votes, helpfulness) values (238, 60, 9, 'tempus vel pede morbi porttitor lorem id ligula suspendisse ornare consequat', '12/01/2017', 3, 80, 69);
insert into reviews (id, product_id, shop_id, review, date_submitted, rating, votes, helpfulness) values (239, 54, 5, 'nulla tempus vivamus in felis eu sapien cursus vestibulum proin eu mi', '06/20/2017', 3, 45, 7);
insert into reviews (id, product_id, shop_id, review, date_submitted, rating, votes, helpfulness) values (240, 21, 8, 'vivamus vestibulum sagittis sapien cum sociis natoque penatibus et magnis dis parturient montes nascetur ridiculus mus etiam vel augue vestibulum', '08/26/2017', 3, 86, 38);
insert into reviews (id, product_id, shop_id, review, date_submitted, rating, votes, helpfulness) values (241, 38, 7, 'justo eu massa donec dapibus duis at velit eu est congue elementum in hac habitasse platea', '11/02/2017', 3, 18, 16);
insert into reviews (id, product_id, shop_id, review, date_submitted, rating, votes, helpfulness) values (242, 100, 9, 'primis in faucibus orci luctus et ultrices posuere cubilia curae donec pharetra magna vestibulum aliquet ultrices', '11/07/2017', 4, 106, 89);
insert into reviews (id, product_id, shop_id, review, date_submitted, rating, votes, helpfulness) values (243, 83, 6, 'enim in tempor turpis nec euismod scelerisque quam turpis adipiscing lorem vitae', '08/29/2017', 1, 147, 126);
insert into reviews (id, product_id, shop_id, review, date_submitted, rating, votes, helpfulness) values (244, 73, 10, 'aliquet ultrices erat tortor sollicitudin mi sit amet lobortis sapien sapien non mi integer', '04/30/2018', 5, 123, 118);
insert into reviews (id, product_id, shop_id, review, date_submitted, rating, votes, helpfulness) values (245, 97, 3, 'quam suspendisse potenti nullam porttitor lacus at turpis donec posuere metus vitae ipsum aliquam', '04/10/2018', 2, 119, 74);
insert into reviews (id, product_id, shop_id, review, date_submitted, rating, votes, helpfulness) values (246, 99, 2, 'ornare imperdiet sapien urna pretium nisl ut volutpat sapien arcu sed augue aliquam erat volutpat in congue etiam justo', '12/12/2017', 3, 16, 13);
insert into reviews (id, product_id, shop_id, review, date_submitted, rating, votes, helpfulness) values (247, 74, 7, 'sem praesent id massa id nisl venenatis lacinia aenean sit', '01/15/2018', 2, 57, 11);
insert into reviews (id, product_id, shop_id, review, date_submitted, rating, votes, helpfulness) values (248, 9, 9, 'pellentesque ultrices mattis odio donec vitae nisi nam ultrices libero', '09/18/2017', 4, 45, 13);
insert into reviews (id, product_id, shop_id, review, date_submitted, rating, votes, helpfulness) values (249, 26, 7, 'sollicitudin mi sit amet lobortis sapien sapien non mi integer ac neque duis bibendum morbi non quam nec dui luctus', '10/04/2017', 1, 43, 14);
insert into reviews (id, product_id, shop_id, review, date_submitted, rating, votes, helpfulness) values (250, 63, 5, 'montes nascetur ridiculus mus etiam vel augue vestibulum rutrum rutrum neque aenean auctor gravida sem praesent id', '07/09/2017', 3, 58, 32);
insert into reviews (id, product_id, shop_id, review, date_submitted, rating, votes, helpfulness) values (251, 38, 10, 'elementum in hac habitasse platea dictumst morbi vestibulum velit id pretium iaculis diam erat', '11/08/2017', 3, 115, 68);
insert into reviews (id, product_id, shop_id, review, date_submitted, rating, votes, helpfulness) values (252, 89, 8, 'molestie sed justo pellentesque viverra pede ac diam cras pellentesque volutpat dui', '05/14/2018', 5, 70, 64);
insert into reviews (id, product_id, shop_id, review, date_submitted, rating, votes, helpfulness) values (253, 24, 6, 'dolor morbi vel lectus in quam fringilla rhoncus mauris enim leo rhoncus sed vestibulum sit amet cursus id', '09/05/2017', 1, 88, 36);
insert into reviews (id, product_id, shop_id, review, date_submitted, rating, votes, helpfulness) values (254, 98, 1, 'in libero ut massa volutpat convallis morbi odio odio elementum eu interdum eu tincidunt in leo', '09/05/2017', 5, 54, 8);
insert into reviews (id, product_id, shop_id, review, date_submitted, rating, votes, helpfulness) values (255, 44, 2, 'pulvinar lobortis est phasellus sit amet erat nulla tempus vivamus in felis eu sapien cursus vestibulum proin eu', '09/21/2017', 3, 53, 38);
insert into reviews (id, product_id, shop_id, review, date_submitted, rating, votes, helpfulness) values (256, 81, 2, 'ante nulla justo aliquam quis turpis eget elit sodales scelerisque', '08/01/2017', 3, 62, 34);
insert into reviews (id, product_id, shop_id, review, date_submitted, rating, votes, helpfulness) values (257, 12, 1, 'lacinia aenean sit amet justo morbi ut odio cras mi pede', '02/13/2018', 2, 135, 98);
insert into reviews (id, product_id, shop_id, review, date_submitted, rating, votes, helpfulness) values (258, 71, 5, 'et ultrices posuere cubilia curae mauris viverra diam vitae quam suspendisse potenti nullam porttitor lacus at turpis donec posuere', '04/24/2018', 3, 47, 23);
insert into reviews (id, product_id, shop_id, review, date_submitted, rating, votes, helpfulness) values (259, 18, 10, 'tempus sit amet sem fusce consequat nulla nisl nunc nisl', '12/23/2017', 5, 59, 33);
insert into reviews (id, product_id, shop_id, review, date_submitted, rating, votes, helpfulness) values (260, 32, 3, 'non interdum in ante vestibulum ante ipsum primis in faucibus orci luctus et ultrices posuere cubilia curae duis', '05/18/2018', 3, 66, -40);
insert into reviews (id, product_id, shop_id, review, date_submitted, rating, votes, helpfulness) values (261, 73, 8, 'volutpat dui maecenas tristique est et tempus semper est quam pharetra magna ac consequat', '11/16/2017', 3, 128, 51);
insert into reviews (id, product_id, shop_id, review, date_submitted, rating, votes, helpfulness) values (262, 14, 3, 'massa id lobortis convallis tortor risus dapibus augue vel accumsan tellus nisi eu orci mauris lacinia sapien quis libero', '01/03/2018', 4, 84, 58);
insert into reviews (id, product_id, shop_id, review, date_submitted, rating, votes, helpfulness) values (263, 57, 5, 'neque vestibulum eget vulputate ut ultrices vel augue vestibulum ante', '08/13/2017', 2, 47, -14);
insert into reviews (id, product_id, shop_id, review, date_submitted, rating, votes, helpfulness) values (264, 2, 5, 'vestibulum ante ipsum primis in faucibus orci luctus et ultrices posuere cubilia curae nulla dapibus dolor vel est', '08/02/2017', 1, 107, 34);
insert into reviews (id, product_id, shop_id, review, date_submitted, rating, votes, helpfulness) values (265, 85, 2, 'elit sodales scelerisque mauris sit amet eros suspendisse accumsan tortor quis turpis sed ante vivamus tortor duis mattis egestas metus', '05/18/2018', 3, 53, 39);
insert into reviews (id, product_id, shop_id, review, date_submitted, rating, votes, helpfulness) values (266, 18, 10, 'enim lorem ipsum dolor sit amet consectetuer adipiscing elit proin interdum mauris non ligula pellentesque ultrices', '05/11/2018', 4, 31, -10);
insert into reviews (id, product_id, shop_id, review, date_submitted, rating, votes, helpfulness) values (267, 83, 10, 'quam nec dui luctus rutrum nulla tellus in sagittis dui vel nisl duis ac nibh', '12/16/2017', 1, 9, 2);
insert into reviews (id, product_id, shop_id, review, date_submitted, rating, votes, helpfulness) values (268, 58, 8, 'leo pellentesque ultrices mattis odio donec vitae nisi nam ultrices libero non mattis pulvinar nulla', '06/17/2017', 4, 95, 88);
insert into reviews (id, product_id, shop_id, review, date_submitted, rating, votes, helpfulness) values (269, 53, 9, 'sapien iaculis congue vivamus metus arcu adipiscing molestie hendrerit at vulputate vitae nisl', '01/11/2018', 2, 37, -28);
insert into reviews (id, product_id, shop_id, review, date_submitted, rating, votes, helpfulness) values (270, 44, 9, 'ultrices posuere cubilia curae mauris viverra diam vitae quam suspendisse', '10/19/2017', 2, 5, 2);
insert into reviews (id, product_id, shop_id, review, date_submitted, rating, votes, helpfulness) values (271, 34, 9, 'pretium iaculis justo in hac habitasse platea dictumst etiam faucibus cursus', '05/11/2018', 4, 136, -18);
insert into reviews (id, product_id, shop_id, review, date_submitted, rating, votes, helpfulness) values (272, 14, 9, 'in tempor turpis nec euismod scelerisque quam turpis adipiscing lorem vitae mattis nibh ligula', '11/17/2017', 5, 49, 12);
insert into reviews (id, product_id, shop_id, review, date_submitted, rating, votes, helpfulness) values (273, 11, 10, 'pretium quis lectus suspendisse potenti in eleifend quam a odio in hac habitasse', '06/16/2017', 5, 29, 8);
insert into reviews (id, product_id, shop_id, review, date_submitted, rating, votes, helpfulness) values (274, 74, 2, 'sit amet consectetuer adipiscing elit proin risus praesent lectus vestibulum quam sapien varius ut blandit non interdum in ante', '07/15/2017', 4, 114, -48);
insert into reviews (id, product_id, shop_id, review, date_submitted, rating, votes, helpfulness) values (275, 92, 3, 'massa tempor convallis nulla neque libero convallis eget eleifend luctus ultricies eu', '03/10/2018', 5, 116, -39);
insert into reviews (id, product_id, shop_id, review, date_submitted, rating, votes, helpfulness) values (276, 10, 5, 'dapibus dolor vel est donec odio justo sollicitudin ut suscipit a feugiat et eros', '03/16/2018', 1, 76, 19);
insert into reviews (id, product_id, shop_id, review, date_submitted, rating, votes, helpfulness) values (277, 89, 2, 'sapien urna pretium nisl ut volutpat sapien arcu sed augue aliquam erat volutpat in congue etiam justo etiam pretium', '10/23/2017', 4, 94, 6);
insert into reviews (id, product_id, shop_id, review, date_submitted, rating, votes, helpfulness) values (278, 63, 3, 'sapien arcu sed augue aliquam erat volutpat in congue etiam justo etiam pretium iaculis justo', '07/06/2017', 3, 88, 23);
insert into reviews (id, product_id, shop_id, review, date_submitted, rating, votes, helpfulness) values (279, 60, 6, 'ac leo pellentesque ultrices mattis odio donec vitae nisi nam ultrices libero non mattis pulvinar nulla pede', '03/17/2018', 4, 29, 26);
insert into reviews (id, product_id, shop_id, review, date_submitted, rating, votes, helpfulness) values (280, 35, 2, 'curae duis faucibus accumsan odio curabitur convallis duis consequat dui nec nisi volutpat eleifend donec ut dolor morbi', '12/29/2017', 5, 79, 70);
insert into reviews (id, product_id, shop_id, review, date_submitted, rating, votes, helpfulness) values (281, 16, 7, 'nonummy maecenas tincidunt lacus at velit vivamus vel nulla eget eros elementum pellentesque', '11/19/2017', 5, 81, 40);
insert into reviews (id, product_id, shop_id, review, date_submitted, rating, votes, helpfulness) values (282, 38, 9, 'ipsum ac tellus semper interdum mauris ullamcorper purus sit amet nulla quisque arcu libero rutrum ac lobortis', '10/23/2017', 1, 49, 36);
insert into reviews (id, product_id, shop_id, review, date_submitted, rating, votes, helpfulness) values (283, 36, 6, 'accumsan felis ut at dolor quis odio consequat varius integer ac leo pellentesque ultrices mattis odio donec vitae nisi nam', '11/18/2017', 3, 106, 87);
insert into reviews (id, product_id, shop_id, review, date_submitted, rating, votes, helpfulness) values (284, 11, 1, 'turpis nec euismod scelerisque quam turpis adipiscing lorem vitae mattis nibh', '12/22/2017', 3, 54, 51);
insert into reviews (id, product_id, shop_id, review, date_submitted, rating, votes, helpfulness) values (285, 6, 10, 'viverra pede ac diam cras pellentesque volutpat dui maecenas tristique est et tempus', '07/05/2017', 5, 126, -47);
insert into reviews (id, product_id, shop_id, review, date_submitted, rating, votes, helpfulness) values (286, 7, 5, 'non sodales sed tincidunt eu felis fusce posuere felis sed lacus', '09/16/2017', 1, 116, 45);
insert into reviews (id, product_id, shop_id, review, date_submitted, rating, votes, helpfulness) values (287, 36, 3, 'id justo sit amet sapien dignissim vestibulum vestibulum ante ipsum primis in faucibus orci luctus et ultrices posuere cubilia', '02/12/2018', 3, 12, 3);
insert into reviews (id, product_id, shop_id, review, date_submitted, rating, votes, helpfulness) values (288, 29, 8, 'massa tempor convallis nulla neque libero convallis eget eleifend luctus ultricies eu nibh', '10/19/2017', 1, 118, 21);
insert into reviews (id, product_id, shop_id, review, date_submitted, rating, votes, helpfulness) values (289, 38, 7, 'mauris lacinia sapien quis libero nullam sit amet turpis elementum ligula vehicula consequat morbi a ipsum', '09/18/2017', 3, 86, 62);
insert into reviews (id, product_id, shop_id, review, date_submitted, rating, votes, helpfulness) values (290, 17, 9, 'aliquam non mauris morbi non lectus aliquam sit amet diam in magna bibendum imperdiet nullam orci pede venenatis non sodales', '08/13/2017', 4, 25, 0);
insert into reviews (id, product_id, shop_id, review, date_submitted, rating, votes, helpfulness) values (291, 77, 10, 'magna ac consequat metus sapien ut nunc vestibulum ante ipsum primis in faucibus orci luctus et ultrices posuere cubilia curae', '04/26/2018', 2, 92, 36);
insert into reviews (id, product_id, shop_id, review, date_submitted, rating, votes, helpfulness) values (292, 15, 6, 'at nunc commodo placerat praesent blandit nam nulla integer pede justo lacinia eget tincidunt eget tempus vel pede morbi', '01/28/2018', 1, 139, 1);
insert into reviews (id, product_id, shop_id, review, date_submitted, rating, votes, helpfulness) values (293, 99, 8, 'mauris non ligula pellentesque ultrices phasellus id sapien in sapien iaculis congue', '08/11/2017', 1, 117, 90);
insert into reviews (id, product_id, shop_id, review, date_submitted, rating, votes, helpfulness) values (294, 1, 6, 'etiam faucibus cursus urna ut tellus nulla ut erat id mauris vulputate', '02/01/2018', 4, 51, 2);
insert into reviews (id, product_id, shop_id, review, date_submitted, rating, votes, helpfulness) values (295, 8, 10, 'non quam nec dui luctus rutrum nulla tellus in sagittis dui vel', '11/07/2017', 1, 100, 13);
insert into reviews (id, product_id, shop_id, review, date_submitted, rating, votes, helpfulness) values (296, 77, 3, 'auctor gravida sem praesent id massa id nisl venenatis lacinia aenean sit', '03/26/2018', 3, 144, 30);
insert into reviews (id, product_id, shop_id, review, date_submitted, rating, votes, helpfulness) values (297, 23, 3, 'arcu adipiscing molestie hendrerit at vulputate vitae nisl aenean lectus pellentesque eget nunc donec quis orci eget', '06/18/2017', 1, 48, 18);
insert into reviews (id, product_id, shop_id, review, date_submitted, rating, votes, helpfulness) values (298, 73, 3, 'maecenas tincidunt lacus at velit vivamus vel nulla eget eros elementum pellentesque', '07/25/2017', 5, 130, -45);
insert into reviews (id, product_id, shop_id, review, date_submitted, rating, votes, helpfulness) values (299, 6, 6, 'nulla ultrices aliquet maecenas leo odio condimentum id luctus nec molestie sed justo pellentesque', '03/18/2018', 5, 38, 27);
insert into reviews (id, product_id, shop_id, review, date_submitted, rating, votes, helpfulness) values (300, 4, 7, 'a pede posuere nonummy integer non velit donec diam neque vestibulum eget vulputate ut ultrices vel augue', '12/18/2017', 3, 121, -18);
insert into reviews (id, product_id, shop_id, review, date_submitted, rating, votes, helpfulness) values (301, 29, 4, 'dis parturient montes nascetur ridiculus mus etiam vel augue vestibulum rutrum', '12/09/2017', 5, 4, 3);
insert into reviews (id, product_id, shop_id, review, date_submitted, rating, votes, helpfulness) values (302, 82, 6, 'sed tincidunt eu felis fusce posuere felis sed lacus morbi sem mauris laoreet ut rhoncus aliquet pulvinar', '02/24/2018', 4, 105, 29);
insert into reviews (id, product_id, shop_id, review, date_submitted, rating, votes, helpfulness) values (303, 45, 4, 'sapien in sapien iaculis congue vivamus metus arcu adipiscing molestie', '01/05/2018', 5, 58, 5);
insert into reviews (id, product_id, shop_id, review, date_submitted, rating, votes, helpfulness) values (304, 54, 1, 'vulputate ut ultrices vel augue vestibulum ante ipsum primis in faucibus orci', '07/30/2017', 4, 18, 3);
insert into reviews (id, product_id, shop_id, review, date_submitted, rating, votes, helpfulness) values (305, 27, 10, 'odio odio elementum eu interdum eu tincidunt in leo maecenas pulvinar lobortis est phasellus sit', '03/28/2018', 4, 23, 11);
insert into reviews (id, product_id, shop_id, review, date_submitted, rating, votes, helpfulness) values (306, 3, 7, 'proin risus praesent lectus vestibulum quam sapien varius ut blandit non interdum in ante vestibulum ante ipsum primis in', '11/26/2017', 3, 68, -30);
insert into reviews (id, product_id, shop_id, review, date_submitted, rating, votes, helpfulness) values (307, 24, 4, 'congue vivamus metus arcu adipiscing molestie hendrerit at vulputate vitae', '09/06/2017', 2, 144, 19);
insert into reviews (id, product_id, shop_id, review, date_submitted, rating, votes, helpfulness) values (308, 52, 6, 'risus semper porta volutpat quam pede lobortis ligula sit amet eleifend pede libero quis orci', '09/15/2017', 2, 97, 26);
insert into reviews (id, product_id, shop_id, review, date_submitted, rating, votes, helpfulness) values (309, 44, 6, 'aenean fermentum donec ut mauris eget massa tempor convallis nulla neque libero convallis eget eleifend', '12/18/2017', 2, 31, 10);
insert into reviews (id, product_id, shop_id, review, date_submitted, rating, votes, helpfulness) values (310, 86, 6, 'hac habitasse platea dictumst maecenas ut massa quis augue luctus tincidunt nulla mollis', '03/19/2018', 4, 17, 14);
insert into reviews (id, product_id, shop_id, review, date_submitted, rating, votes, helpfulness) values (311, 32, 7, 'justo maecenas rhoncus aliquam lacus morbi quis tortor id nulla ultrices aliquet maecenas leo odio condimentum', '02/07/2018', 2, 123, 4);
insert into reviews (id, product_id, shop_id, review, date_submitted, rating, votes, helpfulness) values (312, 37, 6, 'maecenas pulvinar lobortis est phasellus sit amet erat nulla tempus vivamus in', '06/24/2017', 1, 114, -90);
insert into reviews (id, product_id, shop_id, review, date_submitted, rating, votes, helpfulness) values (313, 35, 6, 'dapibus dolor vel est donec odio justo sollicitudin ut suscipit a feugiat et eros vestibulum ac est lacinia nisi venenatis', '12/11/2017', 4, 43, 13);
insert into reviews (id, product_id, shop_id, review, date_submitted, rating, votes, helpfulness) values (314, 58, 5, 'accumsan tortor quis turpis sed ante vivamus tortor duis mattis egestas', '07/01/2017', 2, 73, 1);
insert into reviews (id, product_id, shop_id, review, date_submitted, rating, votes, helpfulness) values (315, 60, 1, 'mi integer ac neque duis bibendum morbi non quam nec dui luctus rutrum nulla tellus in sagittis dui vel nisl', '12/24/2017', 5, 91, -58);
insert into reviews (id, product_id, shop_id, review, date_submitted, rating, votes, helpfulness) values (316, 10, 3, 'ut odio cras mi pede malesuada in imperdiet et commodo vulputate justo in blandit', '11/06/2017', 3, 1, 0);
insert into reviews (id, product_id, shop_id, review, date_submitted, rating, votes, helpfulness) values (317, 96, 1, 'posuere cubilia curae donec pharetra magna vestibulum aliquet ultrices erat tortor sollicitudin mi sit amet lobortis sapien', '11/08/2017', 4, 37, -5);
insert into reviews (id, product_id, shop_id, review, date_submitted, rating, votes, helpfulness) values (318, 51, 1, 'aliquam augue quam sollicitudin vitae consectetuer eget rutrum at lorem integer tincidunt ante vel ipsum', '08/22/2017', 4, 35, -19);
insert into reviews (id, product_id, shop_id, review, date_submitted, rating, votes, helpfulness) values (319, 66, 6, 'orci pede venenatis non sodales sed tincidunt eu felis fusce posuere felis sed lacus morbi sem mauris', '09/11/2017', 4, 82, 29);
insert into reviews (id, product_id, shop_id, review, date_submitted, rating, votes, helpfulness) values (320, 75, 5, 'vivamus vel nulla eget eros elementum pellentesque quisque porta volutpat erat quisque', '02/06/2018', 1, 23, -19);
insert into reviews (id, product_id, shop_id, review, date_submitted, rating, votes, helpfulness) values (321, 71, 1, 'id nulla ultrices aliquet maecenas leo odio condimentum id luctus nec molestie sed justo pellentesque viverra', '02/24/2018', 5, 108, 102);
insert into reviews (id, product_id, shop_id, review, date_submitted, rating, votes, helpfulness) values (322, 20, 5, 'in imperdiet et commodo vulputate justo in blandit ultrices enim lorem ipsum dolor sit amet consectetuer adipiscing elit proin interdum', '08/20/2017', 1, 68, 21);
insert into reviews (id, product_id, shop_id, review, date_submitted, rating, votes, helpfulness) values (323, 75, 6, 'non velit donec diam neque vestibulum eget vulputate ut ultrices vel augue vestibulum', '11/09/2017', 4, 86, 55);
insert into reviews (id, product_id, shop_id, review, date_submitted, rating, votes, helpfulness) values (324, 50, 7, 'id luctus nec molestie sed justo pellentesque viverra pede ac diam cras', '05/30/2018', 3, 142, -41);
insert into reviews (id, product_id, shop_id, review, date_submitted, rating, votes, helpfulness) values (325, 53, 5, 'justo in hac habitasse platea dictumst etiam faucibus cursus urna ut tellus nulla ut erat', '07/31/2017', 4, 147, -120);
insert into reviews (id, product_id, shop_id, review, date_submitted, rating, votes, helpfulness) values (326, 17, 9, 'vestibulum sagittis sapien cum sociis natoque penatibus et magnis dis parturient montes', '07/14/2017', 2, 64, -37);
insert into reviews (id, product_id, shop_id, review, date_submitted, rating, votes, helpfulness) values (327, 88, 6, 'eget elit sodales scelerisque mauris sit amet eros suspendisse accumsan tortor quis turpis sed ante vivamus tortor duis mattis egestas', '02/08/2018', 2, 112, 14);
insert into reviews (id, product_id, shop_id, review, date_submitted, rating, votes, helpfulness) values (328, 86, 9, 'posuere cubilia curae donec pharetra magna vestibulum aliquet ultrices erat', '04/01/2018', 3, 150, -27);
insert into reviews (id, product_id, shop_id, review, date_submitted, rating, votes, helpfulness) values (329, 33, 3, 'est quam pharetra magna ac consequat metus sapien ut nunc vestibulum ante ipsum', '04/16/2018', 3, 20, 16);
insert into reviews (id, product_id, shop_id, review, date_submitted, rating, votes, helpfulness) values (330, 51, 10, 'et ultrices posuere cubilia curae mauris viverra diam vitae quam suspendisse potenti nullam', '04/25/2018', 3, 126, 5);
insert into reviews (id, product_id, shop_id, review, date_submitted, rating, votes, helpfulness) values (331, 86, 10, 'dolor sit amet consectetuer adipiscing elit proin risus praesent lectus vestibulum quam sapien varius ut blandit non interdum', '05/29/2018', 4, 14, 1);
insert into reviews (id, product_id, shop_id, review, date_submitted, rating, votes, helpfulness) values (332, 6, 9, 'vel nisl duis ac nibh fusce lacus purus aliquet at feugiat non pretium quis lectus suspendisse potenti in eleifend', '09/12/2017', 1, 33, 29);
insert into reviews (id, product_id, shop_id, review, date_submitted, rating, votes, helpfulness) values (333, 41, 7, 'vitae nisi nam ultrices libero non mattis pulvinar nulla pede', '05/30/2018', 1, 1, 0);
insert into reviews (id, product_id, shop_id, review, date_submitted, rating, votes, helpfulness) values (334, 61, 7, 'nisi volutpat eleifend donec ut dolor morbi vel lectus in quam', '12/11/2017', 5, 98, 96);
insert into reviews (id, product_id, shop_id, review, date_submitted, rating, votes, helpfulness) values (335, 93, 5, 'sociis natoque penatibus et magnis dis parturient montes nascetur ridiculus mus etiam vel augue', '11/24/2017', 5, 132, -113);
insert into reviews (id, product_id, shop_id, review, date_submitted, rating, votes, helpfulness) values (336, 97, 8, 'vitae quam suspendisse potenti nullam porttitor lacus at turpis donec posuere metus vitae ipsum', '09/29/2017', 3, 142, 1);
insert into reviews (id, product_id, shop_id, review, date_submitted, rating, votes, helpfulness) values (337, 28, 7, 'nulla eget eros elementum pellentesque quisque porta volutpat erat quisque erat eros viverra eget congue eget semper rutrum nulla', '04/28/2018', 1, 94, 8);
insert into reviews (id, product_id, shop_id, review, date_submitted, rating, votes, helpfulness) values (338, 11, 5, 'massa quis augue luctus tincidunt nulla mollis molestie lorem quisque ut erat curabitur gravida nisi', '07/08/2017', 1, 56, -6);
insert into reviews (id, product_id, shop_id, review, date_submitted, rating, votes, helpfulness) values (339, 97, 3, 'quis turpis sed ante vivamus tortor duis mattis egestas metus aenean fermentum donec ut mauris eget massa', '10/23/2017', 3, 37, 22);
insert into reviews (id, product_id, shop_id, review, date_submitted, rating, votes, helpfulness) values (340, 56, 2, 'nulla suscipit ligula in lacus curabitur at ipsum ac tellus semper interdum mauris ullamcorper purus', '08/16/2017', 2, 127, 87);
insert into reviews (id, product_id, shop_id, review, date_submitted, rating, votes, helpfulness) values (341, 100, 8, 'duis aliquam convallis nunc proin at turpis a pede posuere nonummy integer non velit donec diam', '12/09/2017', 5, 113, -82);
insert into reviews (id, product_id, shop_id, review, date_submitted, rating, votes, helpfulness) values (342, 35, 9, 'sociis natoque penatibus et magnis dis parturient montes nascetur ridiculus mus etiam vel augue vestibulum rutrum rutrum neque', '03/06/2018', 3, 28, 10);
insert into reviews (id, product_id, shop_id, review, date_submitted, rating, votes, helpfulness) values (343, 5, 7, 'morbi vel lectus in quam fringilla rhoncus mauris enim leo rhoncus sed vestibulum sit amet', '04/29/2018', 5, 42, 41);
insert into reviews (id, product_id, shop_id, review, date_submitted, rating, votes, helpfulness) values (344, 70, 8, 'ante vestibulum ante ipsum primis in faucibus orci luctus et ultrices posuere cubilia curae duis faucibus accumsan odio curabitur', '05/07/2018', 3, 146, -108);
insert into reviews (id, product_id, shop_id, review, date_submitted, rating, votes, helpfulness) values (345, 26, 6, 'nisl nunc rhoncus dui vel sem sed sagittis nam congue', '02/09/2018', 1, 63, -2);
insert into reviews (id, product_id, shop_id, review, date_submitted, rating, votes, helpfulness) values (346, 46, 7, 'nulla ut erat id mauris vulputate elementum nullam varius nulla facilisi cras non velit nec nisi vulputate nonummy', '11/16/2017', 2, 54, 11);
insert into reviews (id, product_id, shop_id, review, date_submitted, rating, votes, helpfulness) values (347, 93, 6, 'accumsan felis ut at dolor quis odio consequat varius integer', '06/08/2017', 5, 19, 8);
insert into reviews (id, product_id, shop_id, review, date_submitted, rating, votes, helpfulness) values (348, 41, 2, 'ut at dolor quis odio consequat varius integer ac leo', '05/30/2018', 4, 5, 4);
insert into reviews (id, product_id, shop_id, review, date_submitted, rating, votes, helpfulness) values (349, 60, 1, 'in est risus auctor sed tristique in tempus sit amet sem fusce consequat', '03/15/2018', 1, 145, -79);
insert into reviews (id, product_id, shop_id, review, date_submitted, rating, votes, helpfulness) values (350, 95, 7, 'pretium quis lectus suspendisse potenti in eleifend quam a odio in hac habitasse platea dictumst maecenas', '01/13/2018', 3, 130, 105);
insert into reviews (id, product_id, shop_id, review, date_submitted, rating, votes, helpfulness) values (351, 76, 1, 'aenean fermentum donec ut mauris eget massa tempor convallis nulla neque libero convallis eget', '03/18/2018', 4, 137, 23);
insert into reviews (id, product_id, shop_id, review, date_submitted, rating, votes, helpfulness) values (352, 3, 7, 'vestibulum ante ipsum primis in faucibus orci luctus et ultrices', '11/21/2017', 5, 117, -37);
insert into reviews (id, product_id, shop_id, review, date_submitted, rating, votes, helpfulness) values (353, 4, 8, 'amet diam in magna bibendum imperdiet nullam orci pede venenatis non sodales sed tincidunt eu felis', '12/29/2017', 5, 38, -10);
insert into reviews (id, product_id, shop_id, review, date_submitted, rating, votes, helpfulness) values (354, 58, 2, 'sit amet sem fusce consequat nulla nisl nunc nisl duis bibendum', '03/21/2018', 3, 39, 18);
insert into reviews (id, product_id, shop_id, review, date_submitted, rating, votes, helpfulness) values (355, 8, 7, 'diam vitae quam suspendisse potenti nullam porttitor lacus at turpis donec posuere metus vitae ipsum', '09/20/2017', 5, 54, 21);
insert into reviews (id, product_id, shop_id, review, date_submitted, rating, votes, helpfulness) values (356, 31, 10, 'justo aliquam quis turpis eget elit sodales scelerisque mauris sit amet eros suspendisse accumsan tortor quis', '07/19/2017', 5, 75, -51);
insert into reviews (id, product_id, shop_id, review, date_submitted, rating, votes, helpfulness) values (357, 95, 3, 'vitae mattis nibh ligula nec sem duis aliquam convallis nunc proin at turpis a pede posuere', '05/03/2018', 2, 25, 13);
insert into reviews (id, product_id, shop_id, review, date_submitted, rating, votes, helpfulness) values (358, 55, 10, 'vitae nisi nam ultrices libero non mattis pulvinar nulla pede ullamcorper', '02/27/2018', 4, 86, 27);
insert into reviews (id, product_id, shop_id, review, date_submitted, rating, votes, helpfulness) values (359, 96, 4, 'vestibulum proin eu mi nulla ac enim in tempor turpis nec euismod scelerisque quam', '12/30/2017', 5, 141, -94);
insert into reviews (id, product_id, shop_id, review, date_submitted, rating, votes, helpfulness) values (360, 94, 9, 'id sapien in sapien iaculis congue vivamus metus arcu adipiscing molestie hendrerit', '01/31/2018', 2, 52, 17);
insert into reviews (id, product_id, shop_id, review, date_submitted, rating, votes, helpfulness) values (361, 53, 8, 'et eros vestibulum ac est lacinia nisi venenatis tristique fusce congue diam id ornare imperdiet', '04/23/2018', 5, 139, -26);
insert into reviews (id, product_id, shop_id, review, date_submitted, rating, votes, helpfulness) values (362, 95, 8, 'sollicitudin ut suscipit a feugiat et eros vestibulum ac est lacinia nisi venenatis tristique fusce congue diam id ornare', '01/17/2018', 1, 88, 41);
insert into reviews (id, product_id, shop_id, review, date_submitted, rating, votes, helpfulness) values (363, 24, 10, 'luctus et ultrices posuere cubilia curae donec pharetra magna vestibulum aliquet ultrices erat tortor sollicitudin mi sit amet lobortis sapien', '06/30/2017', 2, 56, 12);
insert into reviews (id, product_id, shop_id, review, date_submitted, rating, votes, helpfulness) values (364, 8, 9, 'quisque ut erat curabitur gravida nisi at nibh in hac habitasse platea dictumst aliquam augue quam sollicitudin', '11/29/2017', 2, 96, 14);
insert into reviews (id, product_id, shop_id, review, date_submitted, rating, votes, helpfulness) values (365, 97, 5, 'hac habitasse platea dictumst morbi vestibulum velit id pretium iaculis diam erat fermentum justo nec condimentum neque', '02/13/2018', 5, 24, 9);
insert into reviews (id, product_id, shop_id, review, date_submitted, rating, votes, helpfulness) values (366, 63, 3, 'nec nisi vulputate nonummy maecenas tincidunt lacus at velit vivamus vel nulla eget eros', '06/30/2017', 5, 25, 14);
insert into reviews (id, product_id, shop_id, review, date_submitted, rating, votes, helpfulness) values (367, 100, 4, 'sollicitudin mi sit amet lobortis sapien sapien non mi integer ac neque duis bibendum morbi non quam nec', '03/24/2018', 1, 123, -54);
insert into reviews (id, product_id, shop_id, review, date_submitted, rating, votes, helpfulness) values (368, 53, 1, 'sapien cursus vestibulum proin eu mi nulla ac enim in tempor', '09/26/2017', 1, 67, 1);
insert into reviews (id, product_id, shop_id, review, date_submitted, rating, votes, helpfulness) values (369, 68, 2, 'penatibus et magnis dis parturient montes nascetur ridiculus mus vivamus vestibulum sagittis sapien cum sociis natoque penatibus et', '01/21/2018', 5, 12, 11);
insert into reviews (id, product_id, shop_id, review, date_submitted, rating, votes, helpfulness) values (370, 87, 5, 'lorem id ligula suspendisse ornare consequat lectus in est risus auctor sed tristique in tempus sit amet sem', '01/05/2018', 1, 125, -66);
insert into reviews (id, product_id, shop_id, review, date_submitted, rating, votes, helpfulness) values (371, 10, 9, 'est lacinia nisi venenatis tristique fusce congue diam id ornare imperdiet sapien urna pretium nisl', '02/14/2018', 5, 75, -58);
insert into reviews (id, product_id, shop_id, review, date_submitted, rating, votes, helpfulness) values (372, 35, 2, 'id luctus nec molestie sed justo pellentesque viverra pede ac diam cras pellentesque volutpat dui', '08/16/2017', 3, 16, 9);
insert into reviews (id, product_id, shop_id, review, date_submitted, rating, votes, helpfulness) values (373, 86, 5, 'ut dolor morbi vel lectus in quam fringilla rhoncus mauris enim leo rhoncus sed vestibulum sit amet', '06/19/2017', 3, 100, -22);
insert into reviews (id, product_id, shop_id, review, date_submitted, rating, votes, helpfulness) values (374, 91, 6, 'fusce lacus purus aliquet at feugiat non pretium quis lectus suspendisse potenti in eleifend quam a odio', '01/23/2018', 4, 149, 32);
insert into reviews (id, product_id, shop_id, review, date_submitted, rating, votes, helpfulness) values (375, 93, 10, 'duis mattis egestas metus aenean fermentum donec ut mauris eget', '05/24/2018', 1, 45, 18);
insert into reviews (id, product_id, shop_id, review, date_submitted, rating, votes, helpfulness) values (376, 55, 9, 'convallis nunc proin at turpis a pede posuere nonummy integer non velit', '05/10/2018', 4, 137, -9);
insert into reviews (id, product_id, shop_id, review, date_submitted, rating, votes, helpfulness) values (377, 65, 8, 'quis justo maecenas rhoncus aliquam lacus morbi quis tortor id nulla ultrices aliquet maecenas leo odio condimentum id', '08/20/2017', 4, 91, 4);
insert into reviews (id, product_id, shop_id, review, date_submitted, rating, votes, helpfulness) values (378, 25, 5, 'tellus in sagittis dui vel nisl duis ac nibh fusce lacus purus aliquet at', '10/12/2017', 3, 88, 9);
insert into reviews (id, product_id, shop_id, review, date_submitted, rating, votes, helpfulness) values (379, 3, 9, 'ultrices phasellus id sapien in sapien iaculis congue vivamus metus arcu adipiscing molestie hendrerit', '11/04/2017', 3, 140, 1);
insert into reviews (id, product_id, shop_id, review, date_submitted, rating, votes, helpfulness) values (380, 73, 2, 'bibendum felis sed interdum venenatis turpis enim blandit mi in porttitor pede justo eu massa', '12/05/2017', 5, 80, 12);
insert into reviews (id, product_id, shop_id, review, date_submitted, rating, votes, helpfulness) values (381, 76, 5, 'nec condimentum neque sapien placerat ante nulla justo aliquam quis turpis eget elit sodales scelerisque', '09/30/2017', 5, 61, 21);
insert into reviews (id, product_id, shop_id, review, date_submitted, rating, votes, helpfulness) values (382, 98, 5, 'vitae mattis nibh ligula nec sem duis aliquam convallis nunc proin at turpis a', '07/17/2017', 1, 74, 39);
insert into reviews (id, product_id, shop_id, review, date_submitted, rating, votes, helpfulness) values (383, 7, 6, 'mattis odio donec vitae nisi nam ultrices libero non mattis pulvinar nulla', '05/22/2018', 2, 68, 33);
insert into reviews (id, product_id, shop_id, review, date_submitted, rating, votes, helpfulness) values (384, 93, 1, 'sollicitudin vitae consectetuer eget rutrum at lorem integer tincidunt ante vel ipsum praesent blandit lacinia erat vestibulum', '07/30/2017', 5, 49, 45);
insert into reviews (id, product_id, shop_id, review, date_submitted, rating, votes, helpfulness) values (385, 87, 8, 'lorem id ligula suspendisse ornare consequat lectus in est risus auctor sed tristique in tempus', '04/06/2018', 1, 33, 12);
insert into reviews (id, product_id, shop_id, review, date_submitted, rating, votes, helpfulness) values (386, 82, 10, 'maecenas tincidunt lacus at velit vivamus vel nulla eget eros elementum pellentesque quisque porta volutpat', '01/27/2018', 1, 76, 22);
insert into reviews (id, product_id, shop_id, review, date_submitted, rating, votes, helpfulness) values (387, 5, 9, 'quisque erat eros viverra eget congue eget semper rutrum nulla nunc purus phasellus in felis donec semper sapien a', '11/27/2017', 3, 136, -72);
insert into reviews (id, product_id, shop_id, review, date_submitted, rating, votes, helpfulness) values (388, 92, 10, 'felis eu sapien cursus vestibulum proin eu mi nulla ac enim in', '05/15/2018', 2, 25, 0);
insert into reviews (id, product_id, shop_id, review, date_submitted, rating, votes, helpfulness) values (389, 24, 2, 'viverra pede ac diam cras pellentesque volutpat dui maecenas tristique est et tempus semper est quam pharetra magna ac consequat', '06/25/2017', 4, 126, 21);
insert into reviews (id, product_id, shop_id, review, date_submitted, rating, votes, helpfulness) values (390, 67, 8, 'arcu libero rutrum ac lobortis vel dapibus at diam nam tristique tortor eu pede', '01/06/2018', 3, 111, 19);
insert into reviews (id, product_id, shop_id, review, date_submitted, rating, votes, helpfulness) values (391, 2, 8, 'consequat in consequat ut nulla sed accumsan felis ut at dolor quis odio consequat varius integer ac', '05/07/2018', 3, 81, 67);
insert into reviews (id, product_id, shop_id, review, date_submitted, rating, votes, helpfulness) values (392, 83, 2, 'sed interdum venenatis turpis enim blandit mi in porttitor pede justo eu massa donec dapibus duis at velit eu est', '03/30/2018', 4, 107, -92);
insert into reviews (id, product_id, shop_id, review, date_submitted, rating, votes, helpfulness) values (393, 17, 7, 'amet nunc viverra dapibus nulla suscipit ligula in lacus curabitur', '06/28/2017', 2, 16, 11);
insert into reviews (id, product_id, shop_id, review, date_submitted, rating, votes, helpfulness) values (394, 76, 9, 'rhoncus aliquam lacus morbi quis tortor id nulla ultrices aliquet maecenas leo odio condimentum', '04/25/2018', 4, 117, -4);
insert into reviews (id, product_id, shop_id, review, date_submitted, rating, votes, helpfulness) values (395, 51, 10, 'sit amet erat nulla tempus vivamus in felis eu sapien cursus', '11/10/2017', 1, 20, 16);
insert into reviews (id, product_id, shop_id, review, date_submitted, rating, votes, helpfulness) values (396, 39, 3, 'turpis eget elit sodales scelerisque mauris sit amet eros suspendisse accumsan tortor quis turpis sed ante vivamus tortor duis', '07/16/2017', 5, 29, 16);
insert into reviews (id, product_id, shop_id, review, date_submitted, rating, votes, helpfulness) values (397, 50, 1, 'suscipit nulla elit ac nulla sed vel enim sit amet', '07/29/2017', 1, 124, 28);
insert into reviews (id, product_id, shop_id, review, date_submitted, rating, votes, helpfulness) values (398, 25, 7, 'faucibus orci luctus et ultrices posuere cubilia curae duis faucibus', '02/19/2018', 4, 131, 26);
insert into reviews (id, product_id, shop_id, review, date_submitted, rating, votes, helpfulness) values (399, 83, 5, 'consequat nulla nisl nunc nisl duis bibendum felis sed interdum venenatis turpis enim blandit mi in porttitor pede justo eu', '12/28/2017', 4, 46, 31);
insert into reviews (id, product_id, shop_id, review, date_submitted, rating, votes, helpfulness) values (400, 46, 3, 'nunc rhoncus dui vel sem sed sagittis nam congue risus', '08/11/2017', 5, 62, 6);
insert into reviews (id, product_id, shop_id, review, date_submitted, rating, votes, helpfulness) values (401, 49, 1, 'at nulla suspendisse potenti cras in purus eu magna vulputate luctus cum sociis', '08/13/2017', 5, 146, -108);
insert into reviews (id, product_id, shop_id, review, date_submitted, rating, votes, helpfulness) values (402, 63, 10, 'ut odio cras mi pede malesuada in imperdiet et commodo vulputate justo in blandit ultrices enim', '09/13/2017', 2, 103, 25);
insert into reviews (id, product_id, shop_id, review, date_submitted, rating, votes, helpfulness) values (403, 12, 1, 'eu est congue elementum in hac habitasse platea dictumst morbi vestibulum velit id pretium iaculis diam erat', '05/12/2018', 1, 51, 14);
insert into reviews (id, product_id, shop_id, review, date_submitted, rating, votes, helpfulness) values (404, 1, 4, 'curae nulla dapibus dolor vel est donec odio justo sollicitudin ut suscipit', '12/08/2017', 1, 48, 7);
insert into reviews (id, product_id, shop_id, review, date_submitted, rating, votes, helpfulness) values (405, 6, 9, 'vulputate vitae nisl aenean lectus pellentesque eget nunc donec quis orci eget orci vehicula condimentum', '03/04/2018', 1, 65, 65);
insert into reviews (id, product_id, shop_id, review, date_submitted, rating, votes, helpfulness) values (406, 67, 7, 'nunc vestibulum ante ipsum primis in faucibus orci luctus et ultrices posuere cubilia curae mauris viverra diam', '03/20/2018', 2, 98, 67);
insert into reviews (id, product_id, shop_id, review, date_submitted, rating, votes, helpfulness) values (407, 88, 5, 'ipsum dolor sit amet consectetuer adipiscing elit proin interdum mauris', '07/14/2017', 1, 2, 1);
insert into reviews (id, product_id, shop_id, review, date_submitted, rating, votes, helpfulness) values (408, 54, 1, 'duis bibendum morbi non quam nec dui luctus rutrum nulla tellus in sagittis dui vel nisl duis ac nibh fusce', '05/03/2018', 1, 21, 0);
insert into reviews (id, product_id, shop_id, review, date_submitted, rating, votes, helpfulness) values (409, 31, 10, 'blandit mi in porttitor pede justo eu massa donec dapibus duis', '01/09/2018', 4, 37, 28);
insert into reviews (id, product_id, shop_id, review, date_submitted, rating, votes, helpfulness) values (410, 39, 10, 'interdum mauris ullamcorper purus sit amet nulla quisque arcu libero rutrum ac lobortis', '08/13/2017', 1, 61, 25);
insert into reviews (id, product_id, shop_id, review, date_submitted, rating, votes, helpfulness) values (411, 22, 10, 'ut nunc vestibulum ante ipsum primis in faucibus orci luctus', '06/15/2017', 3, 131, 9);
insert into reviews (id, product_id, shop_id, review, date_submitted, rating, votes, helpfulness) values (412, 19, 1, 'est lacinia nisi venenatis tristique fusce congue diam id ornare imperdiet sapien urna pretium nisl', '04/19/2018', 4, 63, 20);
insert into reviews (id, product_id, shop_id, review, date_submitted, rating, votes, helpfulness) values (413, 46, 3, 'quisque porta volutpat erat quisque erat eros viverra eget congue eget semper rutrum', '08/04/2017', 3, 113, 110);
insert into reviews (id, product_id, shop_id, review, date_submitted, rating, votes, helpfulness) values (414, 97, 5, 'mi integer ac neque duis bibendum morbi non quam nec dui luctus rutrum nulla tellus in', '12/20/2017', 3, 54, 20);
insert into reviews (id, product_id, shop_id, review, date_submitted, rating, votes, helpfulness) values (415, 35, 6, 'morbi porttitor lorem id ligula suspendisse ornare consequat lectus in est risus auctor sed tristique in tempus sit amet', '01/17/2018', 4, 84, -57);
insert into reviews (id, product_id, shop_id, review, date_submitted, rating, votes, helpfulness) values (416, 35, 10, 'hac habitasse platea dictumst morbi vestibulum velit id pretium iaculis', '09/22/2017', 3, 91, 12);
insert into reviews (id, product_id, shop_id, review, date_submitted, rating, votes, helpfulness) values (417, 6, 1, 'augue vel accumsan tellus nisi eu orci mauris lacinia sapien quis libero nullam sit', '08/14/2017', 5, 88, 73);
insert into reviews (id, product_id, shop_id, review, date_submitted, rating, votes, helpfulness) values (418, 98, 5, 'ut erat curabitur gravida nisi at nibh in hac habitasse platea dictumst aliquam augue', '07/02/2017', 4, 79, 45);
insert into reviews (id, product_id, shop_id, review, date_submitted, rating, votes, helpfulness) values (419, 24, 7, 'donec semper sapien a libero nam dui proin leo odio porttitor id consequat in consequat ut', '01/29/2018', 4, 53, -14);
insert into reviews (id, product_id, shop_id, review, date_submitted, rating, votes, helpfulness) values (420, 55, 9, 'pellentesque volutpat dui maecenas tristique est et tempus semper est quam pharetra magna', '08/31/2017', 4, 69, 11);
insert into reviews (id, product_id, shop_id, review, date_submitted, rating, votes, helpfulness) values (421, 38, 3, 'aliquam erat volutpat in congue etiam justo etiam pretium iaculis justo in hac habitasse platea dictumst', '08/08/2017', 1, 147, -109);
insert into reviews (id, product_id, shop_id, review, date_submitted, rating, votes, helpfulness) values (422, 91, 2, 'nisl nunc nisl duis bibendum felis sed interdum venenatis turpis', '01/05/2018', 3, 62, -43);
insert into reviews (id, product_id, shop_id, review, date_submitted, rating, votes, helpfulness) values (423, 58, 9, 'ut nunc vestibulum ante ipsum primis in faucibus orci luctus et ultrices posuere cubilia curae mauris viverra', '10/25/2017', 2, 24, 8);
insert into reviews (id, product_id, shop_id, review, date_submitted, rating, votes, helpfulness) values (424, 96, 2, 'nisl nunc rhoncus dui vel sem sed sagittis nam congue risus semper porta', '03/28/2018', 1, 117, 100);
insert into reviews (id, product_id, shop_id, review, date_submitted, rating, votes, helpfulness) values (425, 18, 7, 'in est risus auctor sed tristique in tempus sit amet sem fusce consequat nulla nisl nunc', '07/11/2017', 5, 42, 7);
insert into reviews (id, product_id, shop_id, review, date_submitted, rating, votes, helpfulness) values (426, 99, 5, 'non velit donec diam neque vestibulum eget vulputate ut ultrices vel augue vestibulum ante ipsum primis in faucibus orci', '08/09/2017', 3, 10, 1);
insert into reviews (id, product_id, shop_id, review, date_submitted, rating, votes, helpfulness) values (427, 29, 4, 'nec sem duis aliquam convallis nunc proin at turpis a', '05/24/2018', 5, 113, -23);
insert into reviews (id, product_id, shop_id, review, date_submitted, rating, votes, helpfulness) values (428, 29, 1, 'lobortis sapien sapien non mi integer ac neque duis bibendum morbi non quam nec dui luctus rutrum nulla', '10/06/2017', 5, 45, -26);
insert into reviews (id, product_id, shop_id, review, date_submitted, rating, votes, helpfulness) values (429, 39, 7, 'dui vel sem sed sagittis nam congue risus semper porta volutpat quam pede lobortis ligula sit amet eleifend pede libero', '02/12/2018', 5, 130, 18);
insert into reviews (id, product_id, shop_id, review, date_submitted, rating, votes, helpfulness) values (430, 28, 1, 'est congue elementum in hac habitasse platea dictumst morbi vestibulum velit id pretium iaculis diam', '09/13/2017', 3, 137, 23);
insert into reviews (id, product_id, shop_id, review, date_submitted, rating, votes, helpfulness) values (431, 32, 3, 'metus arcu adipiscing molestie hendrerit at vulputate vitae nisl aenean lectus pellentesque eget nunc donec quis orci eget', '08/27/2017', 3, 87, -84);
insert into reviews (id, product_id, shop_id, review, date_submitted, rating, votes, helpfulness) values (432, 25, 2, 'curae donec pharetra magna vestibulum aliquet ultrices erat tortor sollicitudin', '10/13/2017', 5, 88, -22);
insert into reviews (id, product_id, shop_id, review, date_submitted, rating, votes, helpfulness) values (433, 30, 2, 'odio justo sollicitudin ut suscipit a feugiat et eros vestibulum ac est lacinia nisi', '07/04/2017', 4, 126, 111);
insert into reviews (id, product_id, shop_id, review, date_submitted, rating, votes, helpfulness) values (434, 25, 3, 'quis tortor id nulla ultrices aliquet maecenas leo odio condimentum id luctus nec molestie sed', '03/09/2018', 3, 31, -7);
insert into reviews (id, product_id, shop_id, review, date_submitted, rating, votes, helpfulness) values (435, 33, 10, 'platea dictumst aliquam augue quam sollicitudin vitae consectetuer eget rutrum at lorem integer', '03/17/2018', 1, 133, 118);
insert into reviews (id, product_id, shop_id, review, date_submitted, rating, votes, helpfulness) values (436, 54, 3, 'amet diam in magna bibendum imperdiet nullam orci pede venenatis non', '08/27/2017', 4, 88, 14);
insert into reviews (id, product_id, shop_id, review, date_submitted, rating, votes, helpfulness) values (437, 62, 6, 'sit amet sapien dignissim vestibulum vestibulum ante ipsum primis in faucibus orci luctus et ultrices posuere cubilia curae nulla dapibus', '09/12/2017', 2, 52, 44);
insert into reviews (id, product_id, shop_id, review, date_submitted, rating, votes, helpfulness) values (438, 62, 9, 'nisl venenatis lacinia aenean sit amet justo morbi ut odio cras mi pede', '01/13/2018', 4, 10, 3);
insert into reviews (id, product_id, shop_id, review, date_submitted, rating, votes, helpfulness) values (439, 51, 4, 'aliquam augue quam sollicitudin vitae consectetuer eget rutrum at lorem integer tincidunt ante vel ipsum praesent blandit lacinia erat vestibulum', '02/24/2018', 5, 80, 10);
insert into reviews (id, product_id, shop_id, review, date_submitted, rating, votes, helpfulness) values (440, 60, 5, 'quam turpis adipiscing lorem vitae mattis nibh ligula nec sem duis', '01/12/2018', 3, 45, 7);
insert into reviews (id, product_id, shop_id, review, date_submitted, rating, votes, helpfulness) values (441, 86, 5, 'et tempus semper est quam pharetra magna ac consequat metus sapien ut nunc vestibulum', '07/02/2017', 2, 123, 8);
insert into reviews (id, product_id, shop_id, review, date_submitted, rating, votes, helpfulness) values (442, 10, 4, 'lacus morbi sem mauris laoreet ut rhoncus aliquet pulvinar sed nisl nunc rhoncus', '05/20/2018', 3, 36, 24);
insert into reviews (id, product_id, shop_id, review, date_submitted, rating, votes, helpfulness) values (443, 74, 8, 'tincidunt eu felis fusce posuere felis sed lacus morbi sem mauris laoreet ut rhoncus aliquet pulvinar sed nisl nunc rhoncus', '06/27/2017', 4, 90, 25);
insert into reviews (id, product_id, shop_id, review, date_submitted, rating, votes, helpfulness) values (444, 2, 3, 'quam fringilla rhoncus mauris enim leo rhoncus sed vestibulum sit amet cursus id turpis integer aliquet massa id lobortis convallis', '08/24/2017', 1, 121, -96);
insert into reviews (id, product_id, shop_id, review, date_submitted, rating, votes, helpfulness) values (445, 10, 8, 'maecenas tristique est et tempus semper est quam pharetra magna ac consequat metus sapien ut nunc', '01/29/2018', 5, 93, 34);
insert into reviews (id, product_id, shop_id, review, date_submitted, rating, votes, helpfulness) values (446, 99, 4, 'nulla facilisi cras non velit nec nisi vulputate nonummy maecenas tincidunt lacus at velit vivamus', '11/17/2017', 2, 139, 135);
insert into reviews (id, product_id, shop_id, review, date_submitted, rating, votes, helpfulness) values (447, 23, 5, 'ut rhoncus aliquet pulvinar sed nisl nunc rhoncus dui vel sem sed sagittis nam congue risus', '04/28/2018', 2, 99, -62);
insert into reviews (id, product_id, shop_id, review, date_submitted, rating, votes, helpfulness) values (448, 26, 5, 'pulvinar sed nisl nunc rhoncus dui vel sem sed sagittis nam', '12/04/2017', 3, 119, 24);
insert into reviews (id, product_id, shop_id, review, date_submitted, rating, votes, helpfulness) values (449, 95, 5, 'faucibus orci luctus et ultrices posuere cubilia curae duis faucibus accumsan odio curabitur convallis duis consequat dui nec nisi volutpat', '04/28/2018', 1, 130, -57);
insert into reviews (id, product_id, shop_id, review, date_submitted, rating, votes, helpfulness) values (450, 95, 3, 'lacus at turpis donec posuere metus vitae ipsum aliquam non mauris morbi non lectus aliquam sit', '12/12/2017', 4, 40, 22);
insert into reviews (id, product_id, shop_id, review, date_submitted, rating, votes, helpfulness) values (451, 26, 1, 'ultrices posuere cubilia curae duis faucibus accumsan odio curabitur convallis duis consequat dui nec nisi volutpat eleifend', '01/05/2018', 4, 128, 73);
insert into reviews (id, product_id, shop_id, review, date_submitted, rating, votes, helpfulness) values (452, 80, 4, 'mollis molestie lorem quisque ut erat curabitur gravida nisi at nibh in hac habitasse', '09/12/2017', 2, 78, 51);
insert into reviews (id, product_id, shop_id, review, date_submitted, rating, votes, helpfulness) values (453, 50, 6, 'amet turpis elementum ligula vehicula consequat morbi a ipsum integer a nibh in quis justo maecenas rhoncus aliquam lacus', '10/15/2017', 1, 10, -2);
insert into reviews (id, product_id, shop_id, review, date_submitted, rating, votes, helpfulness) values (454, 83, 2, 'primis in faucibus orci luctus et ultrices posuere cubilia curae donec pharetra magna vestibulum aliquet ultrices', '09/09/2017', 4, 50, -50);
insert into reviews (id, product_id, shop_id, review, date_submitted, rating, votes, helpfulness) values (455, 57, 6, 'massa tempor convallis nulla neque libero convallis eget eleifend luctus ultricies eu nibh', '07/18/2017', 2, 96, 71);
insert into reviews (id, product_id, shop_id, review, date_submitted, rating, votes, helpfulness) values (456, 46, 4, 'leo maecenas pulvinar lobortis est phasellus sit amet erat nulla', '06/14/2017', 3, 150, 77);
insert into reviews (id, product_id, shop_id, review, date_submitted, rating, votes, helpfulness) values (457, 4, 6, 'justo maecenas rhoncus aliquam lacus morbi quis tortor id nulla ultrices aliquet maecenas leo', '12/06/2017', 5, 18, -10);
insert into reviews (id, product_id, shop_id, review, date_submitted, rating, votes, helpfulness) values (458, 18, 1, 'at lorem integer tincidunt ante vel ipsum praesent blandit lacinia erat vestibulum sed magna at', '09/07/2017', 5, 136, 88);
insert into reviews (id, product_id, shop_id, review, date_submitted, rating, votes, helpfulness) values (459, 16, 5, 'id turpis integer aliquet massa id lobortis convallis tortor risus dapibus augue vel accumsan tellus nisi eu orci mauris', '11/27/2017', 1, 18, 17);
insert into reviews (id, product_id, shop_id, review, date_submitted, rating, votes, helpfulness) values (460, 61, 8, 'platea dictumst maecenas ut massa quis augue luctus tincidunt nulla mollis molestie lorem quisque ut', '02/19/2018', 3, 70, -2);
insert into reviews (id, product_id, shop_id, review, date_submitted, rating, votes, helpfulness) values (461, 85, 9, 'sit amet consectetuer adipiscing elit proin risus praesent lectus vestibulum quam sapien varius ut blandit non interdum in ante', '09/03/2017', 2, 95, 30);
insert into reviews (id, product_id, shop_id, review, date_submitted, rating, votes, helpfulness) values (462, 62, 3, 'pulvinar sed nisl nunc rhoncus dui vel sem sed sagittis nam', '07/06/2017', 2, 96, -94);
insert into reviews (id, product_id, shop_id, review, date_submitted, rating, votes, helpfulness) values (463, 44, 10, 'at nibh in hac habitasse platea dictumst aliquam augue quam sollicitudin vitae', '05/29/2018', 3, 102, -30);
insert into reviews (id, product_id, shop_id, review, date_submitted, rating, votes, helpfulness) values (464, 99, 8, 'risus semper porta volutpat quam pede lobortis ligula sit amet eleifend pede libero', '07/18/2017', 1, 75, -63);
insert into reviews (id, product_id, shop_id, review, date_submitted, rating, votes, helpfulness) values (465, 93, 7, 'et magnis dis parturient montes nascetur ridiculus mus etiam vel augue vestibulum rutrum rutrum neque aenean auctor gravida sem praesent', '09/09/2017', 1, 23, 10);
insert into reviews (id, product_id, shop_id, review, date_submitted, rating, votes, helpfulness) values (466, 97, 9, 'sapien dignissim vestibulum vestibulum ante ipsum primis in faucibus orci luctus', '11/01/2017', 1, 139, -64);
insert into reviews (id, product_id, shop_id, review, date_submitted, rating, votes, helpfulness) values (467, 78, 1, 'aliquet ultrices erat tortor sollicitudin mi sit amet lobortis sapien sapien non mi integer ac neque duis bibendum', '08/05/2017', 5, 64, -22);
insert into reviews (id, product_id, shop_id, review, date_submitted, rating, votes, helpfulness) values (468, 16, 9, 'morbi vel lectus in quam fringilla rhoncus mauris enim leo', '12/02/2017', 5, 24, 14);
insert into reviews (id, product_id, shop_id, review, date_submitted, rating, votes, helpfulness) values (469, 19, 5, 'tincidunt ante vel ipsum praesent blandit lacinia erat vestibulum sed', '09/28/2017', 1, 10, 6);
insert into reviews (id, product_id, shop_id, review, date_submitted, rating, votes, helpfulness) values (470, 64, 8, 'vestibulum ante ipsum primis in faucibus orci luctus et ultrices', '04/03/2018', 2, 16, 0);
insert into reviews (id, product_id, shop_id, review, date_submitted, rating, votes, helpfulness) values (471, 38, 3, 'justo etiam pretium iaculis justo in hac habitasse platea dictumst etiam faucibus cursus urna ut', '05/04/2018', 1, 95, -43);
insert into reviews (id, product_id, shop_id, review, date_submitted, rating, votes, helpfulness) values (472, 85, 4, 'nisi eu orci mauris lacinia sapien quis libero nullam sit amet turpis elementum ligula', '10/27/2017', 2, 50, 25);
insert into reviews (id, product_id, shop_id, review, date_submitted, rating, votes, helpfulness) values (473, 89, 7, 'luctus et ultrices posuere cubilia curae nulla dapibus dolor vel est donec odio', '07/16/2017', 1, 142, -127);
insert into reviews (id, product_id, shop_id, review, date_submitted, rating, votes, helpfulness) values (474, 6, 2, 'mattis pulvinar nulla pede ullamcorper augue a suscipit nulla elit ac nulla sed vel', '12/26/2017', 5, 30, 12);
insert into reviews (id, product_id, shop_id, review, date_submitted, rating, votes, helpfulness) values (475, 89, 2, 'orci luctus et ultrices posuere cubilia curae mauris viverra diam vitae quam', '10/27/2017', 3, 134, 126);
insert into reviews (id, product_id, shop_id, review, date_submitted, rating, votes, helpfulness) values (476, 91, 6, 'ridiculus mus vivamus vestibulum sagittis sapien cum sociis natoque penatibus', '09/20/2017', 5, 4, 0);
insert into reviews (id, product_id, shop_id, review, date_submitted, rating, votes, helpfulness) values (477, 38, 9, 'nec dui luctus rutrum nulla tellus in sagittis dui vel nisl duis ac nibh fusce lacus purus aliquet', '07/31/2017', 1, 68, 35);
insert into reviews (id, product_id, shop_id, review, date_submitted, rating, votes, helpfulness) values (478, 31, 8, 'potenti nullam porttitor lacus at turpis donec posuere metus vitae ipsum aliquam non mauris morbi non lectus', '08/31/2017', 4, 69, 64);
insert into reviews (id, product_id, shop_id, review, date_submitted, rating, votes, helpfulness) values (479, 78, 9, 'non mi integer ac neque duis bibendum morbi non quam', '01/02/2018', 1, 57, -54);
insert into reviews (id, product_id, shop_id, review, date_submitted, rating, votes, helpfulness) values (480, 60, 1, 'imperdiet nullam orci pede venenatis non sodales sed tincidunt eu felis fusce posuere felis sed lacus morbi sem', '12/12/2017', 2, 55, -53);
insert into reviews (id, product_id, shop_id, review, date_submitted, rating, votes, helpfulness) values (481, 7, 10, 'pretium iaculis justo in hac habitasse platea dictumst etiam faucibus cursus urna ut tellus nulla', '02/02/2018', 1, 69, 18);
insert into reviews (id, product_id, shop_id, review, date_submitted, rating, votes, helpfulness) values (482, 95, 8, 'nonummy integer non velit donec diam neque vestibulum eget vulputate ut ultrices vel augue vestibulum ante ipsum primis in faucibus', '08/07/2017', 2, 115, -114);
insert into reviews (id, product_id, shop_id, review, date_submitted, rating, votes, helpfulness) values (483, 83, 10, 'donec semper sapien a libero nam dui proin leo odio', '06/12/2017', 4, 98, 81);
insert into reviews (id, product_id, shop_id, review, date_submitted, rating, votes, helpfulness) values (484, 45, 6, 'aliquet pulvinar sed nisl nunc rhoncus dui vel sem sed sagittis nam', '04/10/2018', 4, 57, 52);
insert into reviews (id, product_id, shop_id, review, date_submitted, rating, votes, helpfulness) values (485, 24, 10, 'amet nulla quisque arcu libero rutrum ac lobortis vel dapibus at diam nam tristique', '08/23/2017', 1, 143, -35);
insert into reviews (id, product_id, shop_id, review, date_submitted, rating, votes, helpfulness) values (486, 75, 5, 'in congue etiam justo etiam pretium iaculis justo in hac habitasse platea dictumst etiam faucibus cursus urna', '11/29/2017', 4, 73, 28);
insert into reviews (id, product_id, shop_id, review, date_submitted, rating, votes, helpfulness) values (487, 62, 2, 'nascetur ridiculus mus vivamus vestibulum sagittis sapien cum sociis natoque penatibus', '11/24/2017', 5, 38, 0);
insert into reviews (id, product_id, shop_id, review, date_submitted, rating, votes, helpfulness) values (488, 17, 1, 'augue vestibulum ante ipsum primis in faucibus orci luctus et', '06/09/2017', 2, 6, 3);
insert into reviews (id, product_id, shop_id, review, date_submitted, rating, votes, helpfulness) values (489, 23, 3, 'eget rutrum at lorem integer tincidunt ante vel ipsum praesent blandit lacinia erat vestibulum sed', '09/19/2017', 4, 70, 33);
insert into reviews (id, product_id, shop_id, review, date_submitted, rating, votes, helpfulness) values (490, 12, 10, 'magna vestibulum aliquet ultrices erat tortor sollicitudin mi sit amet lobortis sapien sapien non mi integer ac neque duis bibendum', '05/29/2018', 4, 31, 20);
insert into reviews (id, product_id, shop_id, review, date_submitted, rating, votes, helpfulness) values (491, 16, 1, 'eget orci vehicula condimentum curabitur in libero ut massa volutpat convallis morbi odio odio elementum', '04/21/2018', 5, 35, 32);
insert into reviews (id, product_id, shop_id, review, date_submitted, rating, votes, helpfulness) values (492, 43, 5, 'vel pede morbi porttitor lorem id ligula suspendisse ornare consequat lectus in est risus auctor sed tristique', '12/03/2017', 4, 73, -44);
insert into reviews (id, product_id, shop_id, review, date_submitted, rating, votes, helpfulness) values (493, 22, 8, 'maecenas tincidunt lacus at velit vivamus vel nulla eget eros elementum pellentesque quisque porta', '12/09/2017', 1, 137, -71);
insert into reviews (id, product_id, shop_id, review, date_submitted, rating, votes, helpfulness) values (494, 93, 9, 'consequat dui nec nisi volutpat eleifend donec ut dolor morbi vel lectus in quam fringilla rhoncus mauris', '09/25/2017', 3, 6, 3);
insert into reviews (id, product_id, shop_id, review, date_submitted, rating, votes, helpfulness) values (495, 61, 4, 'lorem vitae mattis nibh ligula nec sem duis aliquam convallis nunc proin at turpis a pede posuere nonummy integer non', '07/06/2017', 3, 24, 18);
insert into reviews (id, product_id, shop_id, review, date_submitted, rating, votes, helpfulness) values (496, 75, 9, 'nunc commodo placerat praesent blandit nam nulla integer pede justo lacinia eget tincidunt eget tempus vel', '01/24/2018', 1, 90, -22);
insert into reviews (id, product_id, shop_id, review, date_submitted, rating, votes, helpfulness) values (497, 56, 5, 'vivamus vel nulla eget eros elementum pellentesque quisque porta volutpat erat quisque erat eros viverra eget', '06/20/2017', 3, 26, 10);
insert into reviews (id, product_id, shop_id, review, date_submitted, rating, votes, helpfulness) values (498, 62, 5, 'aliquet ultrices erat tortor sollicitudin mi sit amet lobortis sapien sapien', '06/01/2017', 2, 16, 6);
insert into reviews (id, product_id, shop_id, review, date_submitted, rating, votes, helpfulness) values (499, 70, 2, 'faucibus cursus urna ut tellus nulla ut erat id mauris', '06/18/2017', 3, 143, 68);
insert into reviews (id, product_id, shop_id, review, date_submitted, rating, votes, helpfulness) values (500, 97, 10, 'venenatis non sodales sed tincidunt eu felis fusce posuere felis sed', '07/26/2017', 4, 104, 0);